order_id,user_id,restaurant_id,created_at,status,zone
0c87bf35-f31c-4c58-97ed-9e3b469c47ed,a2bdc30f-3c1c-435a-97f4-b5b4f900fb70,1643ba6c-163a-4529-9df7-fb3ac4617ac2,2026-06-19 03:14:37,confirmed,Sin zona
43a79009-6986-4ab5-b518-dcbecc917912,f2faed0b-9fb1-4246-a0f1-5309eb627501,863909c0-078b-446a-b81e-05dd8fb8c770,2025-12-29 22:27:37,confirmed,Sin zona
8393a7c1-5f31-4a08-96ba-6ca803be19f8,2661b135-ad73-4815-ae5b-506265532f24,7670765f-52ab-4e8c-b728-8406e8afb288,2026-05-08 14:44:37,confirmed,Sin zona
0db8ebaa-51c9-4088-b190-8a436bf13983,02969d52-a85f-4a6c-8689-72be23d1eead,95b5dae5-afa7-4aaf-857b-42e950eeadf6,2026-02-11 03:16:37,confirmed,Sin zona
702bb7c2-1da3-4e57-88fc-0bbe9f9adda7,736bfb15-92e8-442d-8e88-4e7fd6cf07e5,95b5dae5-afa7-4aaf-857b-42e950eeadf6,2026-04-19 11:02:37,cancelled,Sin zona
12e4e4bc-709d-4493-8f1b-8565c9e9fee8,e8e942ff-6c91-4eab-91e6-9e3064724087,cbafa8c4-e978-4650-8f1d-f4881265df58,2026-01-06 09:14:37,confirmed,Sin zona
7b33d9ed-ed16-43bf-803c-c1bef6efe75e,e8e942ff-6c91-4eab-91e6-9e3064724087,863909c0-078b-446a-b81e-05dd8fb8c770,2026-05-15 08:24:37,cancelled,Sin zona
5f556cc5-ab98-45bb-953b-91393b3bc7aa,2ddbb4ea-d1ff-4f39-a813-7b44dba51b3c,c822eeb5-021a-4435-9742-72fcf3cf0018,2026-01-31 15:03:37,confirmed,Sin zona
f63efd4b-e98b-4cd4-9622-9c3e2c954a83,9d6921d8-2ea5-48c2-bd28-285eecbc60de,95b5dae5-afa7-4aaf-857b-42e950eeadf6,2026-01-14 02:08:37,confirmed,Sin zona
7e8f190c-d925-4996-b340-aa4606dd2529,2ddbb4ea-d1ff-4f39-a813-7b44dba51b3c,9984c66e-c39b-4ee9-831a-2fcb33fa08f9,2026-03-29 11:40:37,confirmed,Sin zona
166164ea-a62b-4e67-9448-3f174c989c26,7f0e1397-2145-49da-9bd3-bbcf38c9c3ea,4286b6c6-3f7a-43df-aa08-2a79ba33438c,2026-01-09 03:20:37,confirmed,Sin zona
6d85a404-51e2-4fa0-9233-c4d687f7543f,f21295cf-18de-475b-a756-1dd17b47e85e,7670765f-52ab-4e8c-b728-8406e8afb288,2026-01-25 19:03:37,confirmed,Sin zona
ab529bab-58db-4038-834c-3e7fe245a756,6e5895cd-11d6-4b4f-b8be-05c9e77904d0,cbafa8c4-e978-4650-8f1d-f4881265df58,2026-06-15 04:23:37,cancelled,Sin zona
f8d667db-a090-40a5-935e-1892541eef26,f2faed0b-9fb1-4246-a0f1-5309eb627501,c822eeb5-021a-4435-9742-72fcf3cf0018,2025-12-30 07:09:37,cancelled,Sin zona
38fcb2c7-a678-40c7-bc46-3036dda7e902,101270e9-800c-4716-bc8e-3112bdd50182,4286b6c6-3f7a-43df-aa08-2a79ba33438c,2026-06-06 17:07:37,cancelled,Sin zona
a9d15d3d-407d-4e83-886b-2fcac67b81fa,f1b1b1f5-d750-4b83-b8ce-7f5af89ae164,d9abefd7-61bb-4afc-9a71-c86a6b1ad9d6,2026-05-04 03:41:37,pending,Sin zona
4c6554c4-9763-4f2a-b533-fd0498ba68c2,8b38401d-35be-438f-bbe0-f6863940298d,d9abefd7-61bb-4afc-9a71-c86a6b1ad9d6,2026-01-09 09:20:37,confirmed,Sin zona
7c8ee9dd-013a-456f-8cb2-884d043fb04a,157b17db-2761-48f6-9812-6e8188805180,d9abefd7-61bb-4afc-9a71-c86a6b1ad9d6,2026-02-19 14:32:37,confirmed,Sin zona
6eb1a81f-d845-4b63-be61-48bf2efb5faa,f21295cf-18de-475b-a756-1dd17b47e85e,7670765f-52ab-4e8c-b728-8406e8afb288,2026-01-29 09:50:37,cancelled,Sin zona
ffe5cf1d-aff9-408f-9e04-bb19fcb9a301,2ddbb4ea-d1ff-4f39-a813-7b44dba51b3c,d9abefd7-61bb-4afc-9a71-c86a6b1ad9d6,2026-05-11 15:31:37,pending,Sin zona
bf28ef8b-0889-4c76-a0cd-b9425536426d,02969d52-a85f-4a6c-8689-72be23d1eead,95b5dae5-afa7-4aaf-857b-42e950eeadf6,2026-03-03 02:08:37,confirmed,Sin zona
00816959-2ac3-46a9-8238-7d5e45cc3b10,f1b1b1f5-d750-4b83-b8ce-7f5af89ae164,4286b6c6-3f7a-43df-aa08-2a79ba33438c,2026-04-01 15:07:37,confirmed,Sin zona
05d5774c-e01f-4798-9f78-bf22bcbc959f,f1b1b1f5-d750-4b83-b8ce-7f5af89ae164,4286b6c6-3f7a-43df-aa08-2a79ba33438c,2026-02-21 12:55:37,cancelled,Sin zona
c2815e70-0cb3-4dae-bfca-91ed4954b8c4,8b38401d-35be-438f-bbe0-f6863940298d,cbafa8c4-e978-4650-8f1d-f4881265df58,2026-03-28 17:12:37,confirmed,Sin zona
0eb6dc8f-3e6b-4c56-83c1-1fb997cf8711,101270e9-800c-4716-bc8e-3112bdd50182,9e2535c0-83c9-46d1-8316-fce405d8eac6,2026-05-18 12:04:37,confirmed,Sin zona
86322767-b994-430a-b094-72e667cce0d5,b4a622d9-62b6-4f60-8284-ac9bc09a2e4d,95b5dae5-afa7-4aaf-857b-42e950eeadf6,2026-01-07 09:29:37,confirmed,Sin zona
3eed3e60-a42c-4085-b6db-796977659635,e8e942ff-6c91-4eab-91e6-9e3064724087,d9abefd7-61bb-4afc-9a71-c86a6b1ad9d6,2026-01-26 15:48:37,cancelled,Sin zona
c4b7b405-c17b-41f4-884d-c49bf879377d,101270e9-800c-4716-bc8e-3112bdd50182,d9abefd7-61bb-4afc-9a71-c86a6b1ad9d6,2026-04-15 18:15:37,pending,Sin zona
0e654cbb-d779-4621-9594-92edd757425f,f1b1b1f5-d750-4b83-b8ce-7f5af89ae164,863909c0-078b-446a-b81e-05dd8fb8c770,2026-02-01 14:45:37,confirmed,Sin zona
343fe131-403a-4b1d-b93b-f1f7774cd50d,157b17db-2761-48f6-9812-6e8188805180,4286b6c6-3f7a-43df-aa08-2a79ba33438c,2026-01-18 23:13:37,confirmed,Sin zona
0fc3c6e9-3415-4937-b4d4-dbdec83f1fa3,101270e9-800c-4716-bc8e-3112bdd50182,7670765f-52ab-4e8c-b728-8406e8afb288,2026-03-24 10:54:37,confirmed,Sin zona
f60f4eae-eda6-4351-ba3b-3dfb8baaf370,2ddbb4ea-d1ff-4f39-a813-7b44dba51b3c,9e2535c0-83c9-46d1-8316-fce405d8eac6,2026-03-29 02:25:37,pending,Sin zona
528be35f-e6c1-4e48-ab42-ab0a3e12d751,f1b1b1f5-d750-4b83-b8ce-7f5af89ae164,9984c66e-c39b-4ee9-831a-2fcb33fa08f9,2026-06-08 19:11:37,confirmed,Sin zona
234c7f83-67e2-4484-9f84-810c27d58c26,ff9ac0b2-a976-4cfd-adcd-7837f54a6f3b,cbafa8c4-e978-4650-8f1d-f4881265df58,2026-03-22 23:29:37,pending,Sin zona
ab4c09a3-4384-4c6e-a467-af396f2e34f9,b4a622d9-62b6-4f60-8284-ac9bc09a2e4d,1643ba6c-163a-4529-9df7-fb3ac4617ac2,2026-05-17 12:40:37,confirmed,Sin zona
ecb27ef4-0347-4bb7-9ed8-9afe8de54ba0,2661b135-ad73-4815-ae5b-506265532f24,9e2535c0-83c9-46d1-8316-fce405d8eac6,2026-06-21 08:20:37,confirmed,Sin zona
5f0cfcf5-781b-496a-8916-196b5aac7056,02969d52-a85f-4a6c-8689-72be23d1eead,9e2535c0-83c9-46d1-8316-fce405d8eac6,2026-01-27 08:22:37,confirmed,Sin zona
01e1cc17-b4a0-4b19-8f25-d84a4ce97232,c5bdf75d-2c7c-43d1-8808-a065dabac5ad,863909c0-078b-446a-b81e-05dd8fb8c770,2026-06-16 03:49:37,confirmed,Sin zona
ae323bed-348e-467c-929b-545b31a7efc1,157b17db-2761-48f6-9812-6e8188805180,863909c0-078b-446a-b81e-05dd8fb8c770,2026-02-01 15:17:37,confirmed,Sin zona
5a9f4506-00db-4204-8235-2dc0cfd007a5,e8e942ff-6c91-4eab-91e6-9e3064724087,863909c0-078b-446a-b81e-05dd8fb8c770,2026-03-16 06:47:37,confirmed,Sin zona
159c9a34-9209-4ad0-ac49-f5b24fe1dbbe,c5bdf75d-2c7c-43d1-8808-a065dabac5ad,1643ba6c-163a-4529-9df7-fb3ac4617ac2,2026-01-24 09:08:37,confirmed,Sin zona
6ab37fa7-c964-4d71-a9ff-e8c7335b6552,9d6921d8-2ea5-48c2-bd28-285eecbc60de,cbafa8c4-e978-4650-8f1d-f4881265df58,2025-12-27 20:46:37,confirmed,Sin zona
0f225dea-ebcb-4ca0-8d24-2acba63411f8,a2bdc30f-3c1c-435a-97f4-b5b4f900fb70,c822eeb5-021a-4435-9742-72fcf3cf0018,2026-01-30 20:21:37,cancelled,Sin zona
6834068e-7906-46da-a6e6-8c48685db8da,7f0e1397-2145-49da-9bd3-bbcf38c9c3ea,9e2535c0-83c9-46d1-8316-fce405d8eac6,2025-12-29 09:44:37,confirmed,Sin zona
ed0a8db9-3440-4d54-b5e7-9351189f880c,8b38401d-35be-438f-bbe0-f6863940298d,9e2535c0-83c9-46d1-8316-fce405d8eac6,2026-05-12 13:44:37,cancelled,Sin zona
b51328fe-1d7d-4d4f-af90-4d7b63da52a5,c5bdf75d-2c7c-43d1-8808-a065dabac5ad,1643ba6c-163a-4529-9df7-fb3ac4617ac2,2025-12-25 17:00:37,confirmed,Sin zona
e515b969-cc2e-4be4-880c-e656dda0c3b5,2ddbb4ea-d1ff-4f39-a813-7b44dba51b3c,4286b6c6-3f7a-43df-aa08-2a79ba33438c,2026-05-01 13:40:37,confirmed,Sin zona
c34794d3-7a1f-4fcb-8030-3bb99890ed01,b4a622d9-62b6-4f60-8284-ac9bc09a2e4d,4286b6c6-3f7a-43df-aa08-2a79ba33438c,2026-02-22 01:24:37,confirmed,Sin zona
0f2070f8-a778-40c2-afdc-114496c63b6c,0a21987d-32af-4f27-8bd0-f7e23f8ebe2b,4286b6c6-3f7a-43df-aa08-2a79ba33438c,2026-05-09 15:50:37,confirmed,Sin zona
01451383-4df1-4e94-a10e-21775bb3b511,f21295cf-18de-475b-a756-1dd17b47e85e,9e2535c0-83c9-46d1-8316-fce405d8eac6,2026-05-22 09:42:37,confirmed,Sin zona
d972cacd-6559-4d6e-ae2f-09e78d4cc809,2ddbb4ea-d1ff-4f39-a813-7b44dba51b3c,d9abefd7-61bb-4afc-9a71-c86a6b1ad9d6,2026-05-31 23:03:37,pending,Sin zona
5dccee25-8e82-44f8-b0fc-ae66989ba1c6,64841961-074e-45f5-89d1-70d0d7e458d2,95b5dae5-afa7-4aaf-857b-42e950eeadf6,2026-01-13 16:46:37,confirmed,Sin zona
1b6d14ed-b8f2-45a3-852d-7c5cea7fe150,e8e942ff-6c91-4eab-91e6-9e3064724087,9984c66e-c39b-4ee9-831a-2fcb33fa08f9,2026-02-14 11:10:37,pending,Sin zona
d482bcb9-0019-4295-b2f4-42898679ed35,0a21987d-32af-4f27-8bd0-f7e23f8ebe2b,9984c66e-c39b-4ee9-831a-2fcb33fa08f9,2025-12-25 22:42:37,confirmed,Sin zona
095dab20-4bc5-49ef-93c9-d13510a409d9,f21295cf-18de-475b-a756-1dd17b47e85e,863909c0-078b-446a-b81e-05dd8fb8c770,2026-06-05 23:07:37,confirmed,Sin zona
a8a10e3a-563d-42a5-a387-1a5aba5ff488,a2bdc30f-3c1c-435a-97f4-b5b4f900fb70,863909c0-078b-446a-b81e-05dd8fb8c770,2026-03-13 00:18:37,confirmed,Sin zona
8d04c42b-fc54-4a04-aaa4-e277ac6674ce,02969d52-a85f-4a6c-8689-72be23d1eead,c822eeb5-021a-4435-9742-72fcf3cf0018,2026-01-04 11:57:37,confirmed,Sin zona
24939281-6f84-4f5d-b078-1cea21506ee2,a2bdc30f-3c1c-435a-97f4-b5b4f900fb70,4286b6c6-3f7a-43df-aa08-2a79ba33438c,2025-12-28 19:51:37,confirmed,Sin zona
dd3fa73a-ff46-4696-a7af-b1b6b4b77dd0,f21295cf-18de-475b-a756-1dd17b47e85e,863909c0-078b-446a-b81e-05dd8fb8c770,2026-04-03 13:30:37,confirmed,Sin zona
d105173f-cd3d-4032-a123-7233b6f2eb56,157b17db-2761-48f6-9812-6e8188805180,cbafa8c4-e978-4650-8f1d-f4881265df58,2026-02-16 08:57:37,confirmed,Sin zona
2665c979-b6ad-47e6-9195-4d7cfa3a87c9,9d6921d8-2ea5-48c2-bd28-285eecbc60de,cbafa8c4-e978-4650-8f1d-f4881265df58,2026-04-21 10:30:37,confirmed,Sin zona
a43793f2-7be8-44f3-a5a4-9245cb691cda,02969d52-a85f-4a6c-8689-72be23d1eead,95b5dae5-afa7-4aaf-857b-42e950eeadf6,2026-03-03 05:22:37,cancelled,Sin zona
7ac82cae-c057-4097-878c-81c0dfd12314,f2faed0b-9fb1-4246-a0f1-5309eb627501,863909c0-078b-446a-b81e-05dd8fb8c770,2026-05-25 07:55:37,confirmed,Sin zona
7a410156-6655-4a15-b3df-043ac287b53b,ff9ac0b2-a976-4cfd-adcd-7837f54a6f3b,cbafa8c4-e978-4650-8f1d-f4881265df58,2026-03-08 06:49:37,confirmed,Sin zona
8327720d-2ace-4ccd-b95d-de47b3ab3529,a2bdc30f-3c1c-435a-97f4-b5b4f900fb70,9e2535c0-83c9-46d1-8316-fce405d8eac6,2026-04-29 18:00:37,confirmed,Sin zona
27b11fb6-6f7c-4b8e-8ba0-3aee8bf227f6,9d6921d8-2ea5-48c2-bd28-285eecbc60de,c822eeb5-021a-4435-9742-72fcf3cf0018,2026-06-18 17:34:37,confirmed,Sin zona
a9910d14-d26b-4f0e-af1a-08c5a6654208,c5bdf75d-2c7c-43d1-8808-a065dabac5ad,4286b6c6-3f7a-43df-aa08-2a79ba33438c,2026-02-25 14:09:37,confirmed,Sin zona
abb40973-ccb3-4362-bee9-6fb5e27e8b12,736bfb15-92e8-442d-8e88-4e7fd6cf07e5,9e2535c0-83c9-46d1-8316-fce405d8eac6,2026-05-17 21:55:37,cancelled,Sin zona
6c507981-33c6-4d20-9785-32a54aea2822,8b38401d-35be-438f-bbe0-f6863940298d,c822eeb5-021a-4435-9742-72fcf3cf0018,2026-01-30 12:52:37,confirmed,Sin zona
6e090215-7d89-4e5d-81a7-05916c071466,736bfb15-92e8-442d-8e88-4e7fd6cf07e5,95b5dae5-afa7-4aaf-857b-42e950eeadf6,2026-01-29 16:02:37,confirmed,Sin zona
07144dee-c294-49ef-b67a-88a414047d52,c5bdf75d-2c7c-43d1-8808-a065dabac5ad,7670765f-52ab-4e8c-b728-8406e8afb288,2026-02-02 19:05:37,confirmed,Sin zona
cc4e8493-25fb-4c54-800d-2d8538358682,f21295cf-18de-475b-a756-1dd17b47e85e,c822eeb5-021a-4435-9742-72fcf3cf0018,2026-02-05 03:41:37,confirmed,Sin zona
e5c636cb-7ca8-46fb-90e0-f8083cf9227e,f21295cf-18de-475b-a756-1dd17b47e85e,4286b6c6-3f7a-43df-aa08-2a79ba33438c,2026-06-21 01:59:37,confirmed,Sin zona
e5130d4a-87e4-4d8a-8237-e6146ec1fb2a,7f0e1397-2145-49da-9bd3-bbcf38c9c3ea,863909c0-078b-446a-b81e-05dd8fb8c770,2026-01-23 06:53:37,confirmed,Sin zona
618e4004-3c71-47c2-a873-ba47c1cff6cd,a2bdc30f-3c1c-435a-97f4-b5b4f900fb70,4286b6c6-3f7a-43df-aa08-2a79ba33438c,2026-02-23 14:58:37,pending,Sin zona
cf0da76a-fb4d-4933-b62f-8626bac9a322,f2faed0b-9fb1-4246-a0f1-5309eb627501,863909c0-078b-446a-b81e-05dd8fb8c770,2026-01-14 15:16:37,confirmed,Sin zona
d59ac253-6790-41a0-82cc-ed8db2ecfaf4,b4a622d9-62b6-4f60-8284-ac9bc09a2e4d,4286b6c6-3f7a-43df-aa08-2a79ba33438c,2026-02-23 08:16:37,confirmed,Sin zona
a08485b7-4857-4413-9d06-d84d586702ef,f1b1b1f5-d750-4b83-b8ce-7f5af89ae164,9e2535c0-83c9-46d1-8316-fce405d8eac6,2026-01-05 14:10:37,confirmed,Sin zona
7c68acf3-4e43-4c96-8775-00513e2e6186,e717b6c3-6dac-408e-9b38-dedc677e01f4,4286b6c6-3f7a-43df-aa08-2a79ba33438c,2026-04-01 23:15:37,confirmed,Sin zona
e40886cd-6380-4b51-9e91-5d80b9ca85d2,157b17db-2761-48f6-9812-6e8188805180,4286b6c6-3f7a-43df-aa08-2a79ba33438c,2025-12-28 09:03:37,cancelled,Sin zona
d319ecf1-36bb-46e1-8e27-16472a53cb14,64841961-074e-45f5-89d1-70d0d7e458d2,863909c0-078b-446a-b81e-05dd8fb8c770,2026-01-08 05:01:37,confirmed,Sin zona
dd92d74e-2fcf-4917-bdee-c269e8efb05d,7f0e1397-2145-49da-9bd3-bbcf38c9c3ea,95b5dae5-afa7-4aaf-857b-42e950eeadf6,2026-02-13 10:08:37,pending,Sin zona
ff6b3e1f-652e-4197-9bca-d0de4aba9617,157b17db-2761-48f6-9812-6e8188805180,d9abefd7-61bb-4afc-9a71-c86a6b1ad9d6,2026-01-24 01:01:37,confirmed,Sin zona
3ee520de-19ae-4710-9f4d-68fb494ddfea,64841961-074e-45f5-89d1-70d0d7e458d2,95b5dae5-afa7-4aaf-857b-42e950eeadf6,2026-03-16 22:48:37,confirmed,Sin zona
b76f5f30-ad62-456a-ae0b-0d12e524f5bb,e717b6c3-6dac-408e-9b38-dedc677e01f4,4286b6c6-3f7a-43df-aa08-2a79ba33438c,2026-03-30 05:58:37,confirmed,Sin zona
cce7648b-cf31-4190-9afc-f7a262df9072,f2faed0b-9fb1-4246-a0f1-5309eb627501,95b5dae5-afa7-4aaf-857b-42e950eeadf6,2026-02-12 20:32:37,confirmed,Sin zona
9e41a578-b07d-4bba-a2f4-fd4e7d2b4f20,f21295cf-18de-475b-a756-1dd17b47e85e,4286b6c6-3f7a-43df-aa08-2a79ba33438c,2026-01-03 11:48:37,confirmed,Sin zona
65d412c5-f287-4207-9480-b4a6db785498,64841961-074e-45f5-89d1-70d0d7e458d2,9984c66e-c39b-4ee9-831a-2fcb33fa08f9,2026-05-27 00:37:37,confirmed,Sin zona
d689aa71-795a-4ef8-9bc4-dce950e3a336,9d6921d8-2ea5-48c2-bd28-285eecbc60de,95b5dae5-afa7-4aaf-857b-42e950eeadf6,2026-02-05 05:17:37,confirmed,Sin zona
f75a7583-ff4f-4326-89b0-e594f52b7ee8,b4a622d9-62b6-4f60-8284-ac9bc09a2e4d,1643ba6c-163a-4529-9df7-fb3ac4617ac2,2026-05-27 01:21:37,cancelled,Sin zona
c578aba8-3893-4756-8a9d-2b7b7ea475ba,a2bdc30f-3c1c-435a-97f4-b5b4f900fb70,d9abefd7-61bb-4afc-9a71-c86a6b1ad9d6,2026-05-21 23:01:37,confirmed,Sin zona
f60937d1-78e4-470c-a099-09897a85c1ad,0a21987d-32af-4f27-8bd0-f7e23f8ebe2b,95b5dae5-afa7-4aaf-857b-42e950eeadf6,2026-02-07 09:50:37,pending,Sin zona
bf33bf27-8620-423f-968b-5e32c768bfd3,f1b1b1f5-d750-4b83-b8ce-7f5af89ae164,95b5dae5-afa7-4aaf-857b-42e950eeadf6,2026-04-30 02:01:37,confirmed,Sin zona
b314d48e-4114-4e55-8605-6d9659c30a35,e8e942ff-6c91-4eab-91e6-9e3064724087,95b5dae5-afa7-4aaf-857b-42e950eeadf6,2026-02-17 15:07:37,confirmed,Sin zona
f5cd3d0f-bae5-4725-a4a1-28d7df271428,b4a622d9-62b6-4f60-8284-ac9bc09a2e4d,4286b6c6-3f7a-43df-aa08-2a79ba33438c,2026-04-20 21:26:37,confirmed,Sin zona
eca2a0d2-4cdb-4271-926e-4f30bca6e27b,7f0e1397-2145-49da-9bd3-bbcf38c9c3ea,4286b6c6-3f7a-43df-aa08-2a79ba33438c,2026-02-25 20:53:37,confirmed,Sin zona
bba2e467-01d1-4e7d-a5ff-a73653151837,2661b135-ad73-4815-ae5b-506265532f24,4286b6c6-3f7a-43df-aa08-2a79ba33438c,2026-06-01 21:32:37,confirmed,Sin zona
c4bfd394-b19f-47fb-a174-5049f49975b1,7f0e1397-2145-49da-9bd3-bbcf38c9c3ea,9984c66e-c39b-4ee9-831a-2fcb33fa08f9,2026-01-20 07:39:37,confirmed,Sin zona
d076fc6f-d97d-4278-91cd-1ca113c6da6a,02969d52-a85f-4a6c-8689-72be23d1eead,cbafa8c4-e978-4650-8f1d-f4881265df58,2026-04-09 08:28:37,confirmed,Sin zona
d0f8ccd1-521f-4627-89b4-0b370533f3a6,a2bdc30f-3c1c-435a-97f4-b5b4f900fb70,c822eeb5-021a-4435-9742-72fcf3cf0018,2026-02-25 15:45:37,confirmed,Sin zona
8c7d489a-a8d3-4206-97ba-25b7d83f90b7,f21295cf-18de-475b-a756-1dd17b47e85e,4286b6c6-3f7a-43df-aa08-2a79ba33438c,2026-04-22 07:35:37,confirmed,Sin zona
442fe095-614f-4726-b390-581cff5b5e51,02969d52-a85f-4a6c-8689-72be23d1eead,cbafa8c4-e978-4650-8f1d-f4881265df58,2026-01-30 16:35:37,cancelled,Sin zona
2d837eb3-ebc6-4894-b7b3-634314cc1637,2661b135-ad73-4815-ae5b-506265532f24,9984c66e-c39b-4ee9-831a-2fcb33fa08f9,2026-01-13 03:16:37,confirmed,Sin zona
4805bb92-9643-45ce-bab6-12a814a80948,6e5895cd-11d6-4b4f-b8be-05c9e77904d0,863909c0-078b-446a-b81e-05dd8fb8c770,2026-03-10 10:06:37,confirmed,Sin zona
9053dbbe-6f36-490c-9e5d-0740cd07704a,e8e942ff-6c91-4eab-91e6-9e3064724087,d9abefd7-61bb-4afc-9a71-c86a6b1ad9d6,2026-01-17 20:15:37,confirmed,Sin zona
ab9c1089-95fd-43f3-b471-edc9841bf300,ff9ac0b2-a976-4cfd-adcd-7837f54a6f3b,d9abefd7-61bb-4afc-9a71-c86a6b1ad9d6,2026-06-15 03:32:37,confirmed,Sin zona
3df7775e-e718-4c13-b277-0c11c88a38f8,f2faed0b-9fb1-4246-a0f1-5309eb627501,1643ba6c-163a-4529-9df7-fb3ac4617ac2,2026-06-17 17:55:37,confirmed,Sin zona
d2b7a5ee-77d0-48f8-9c83-9f103e82054c,101270e9-800c-4716-bc8e-3112bdd50182,cbafa8c4-e978-4650-8f1d-f4881265df58,2026-04-21 22:55:37,confirmed,Sin zona
63212a1a-d080-41d7-b424-6e4385b433ba,f21295cf-18de-475b-a756-1dd17b47e85e,9984c66e-c39b-4ee9-831a-2fcb33fa08f9,2026-02-08 20:45:37,confirmed,Sin zona
e622ef16-1018-438e-9f50-b740ad3930f1,2661b135-ad73-4815-ae5b-506265532f24,4286b6c6-3f7a-43df-aa08-2a79ba33438c,2026-03-22 07:54:37,confirmed,Sin zona
b55ff424-1748-4b4c-8036-591d747a8b81,7f0e1397-2145-49da-9bd3-bbcf38c9c3ea,4286b6c6-3f7a-43df-aa08-2a79ba33438c,2026-01-20 11:14:37,confirmed,Sin zona
de575808-41b8-44ba-874d-17dc7d9338dd,7f0e1397-2145-49da-9bd3-bbcf38c9c3ea,d9abefd7-61bb-4afc-9a71-c86a6b1ad9d6,2026-02-08 01:19:37,confirmed,Sin zona
0cfc006f-adbf-446f-92e7-70614869f004,ff9ac0b2-a976-4cfd-adcd-7837f54a6f3b,c822eeb5-021a-4435-9742-72fcf3cf0018,2025-12-25 04:33:37,confirmed,Sin zona
13214db6-1305-4597-8ff4-0a7c71af9b0b,f21295cf-18de-475b-a756-1dd17b47e85e,9984c66e-c39b-4ee9-831a-2fcb33fa08f9,2026-03-25 13:14:37,confirmed,Sin zona
7c2c7bf6-cf12-4bbd-af1c-d3ce78e085dc,f1b1b1f5-d750-4b83-b8ce-7f5af89ae164,4286b6c6-3f7a-43df-aa08-2a79ba33438c,2026-01-22 09:23:37,confirmed,Sin zona
e446430e-149e-4c25-99e8-106163b3e762,6e5895cd-11d6-4b4f-b8be-05c9e77904d0,95b5dae5-afa7-4aaf-857b-42e950eeadf6,2025-12-25 09:57:37,confirmed,Sin zona
a5f9334c-2d19-48c1-8a9d-10bd33e94c4b,f1b1b1f5-d750-4b83-b8ce-7f5af89ae164,9e2535c0-83c9-46d1-8316-fce405d8eac6,2026-05-25 06:43:37,confirmed,Sin zona
acd7f403-53f0-46ea-9971-b7fa7c4e622a,9d6921d8-2ea5-48c2-bd28-285eecbc60de,7670765f-52ab-4e8c-b728-8406e8afb288,2026-01-30 23:11:37,confirmed,Sin zona
812843ef-cec5-4286-837d-0242e80df28c,f2faed0b-9fb1-4246-a0f1-5309eb627501,7670765f-52ab-4e8c-b728-8406e8afb288,2026-05-26 23:46:37,confirmed,Sin zona
fb7d8e3f-a3ad-44f2-aef9-9a5d80d62713,736bfb15-92e8-442d-8e88-4e7fd6cf07e5,95b5dae5-afa7-4aaf-857b-42e950eeadf6,2026-04-22 04:15:37,confirmed,Sin zona
9ab862c5-d89e-4071-911b-e3acc8e6a33d,02969d52-a85f-4a6c-8689-72be23d1eead,c822eeb5-021a-4435-9742-72fcf3cf0018,2026-03-08 20:41:37,confirmed,Sin zona
a8f103ca-3845-45cc-a034-c321a67fad46,157b17db-2761-48f6-9812-6e8188805180,4286b6c6-3f7a-43df-aa08-2a79ba33438c,2026-02-10 18:05:37,pending,Sin zona
615ea75a-f0a1-4dad-8ceb-6681c731a4a9,e717b6c3-6dac-408e-9b38-dedc677e01f4,863909c0-078b-446a-b81e-05dd8fb8c770,2026-06-13 00:39:37,confirmed,Sin zona
c57c3848-532f-405e-9911-556e54657959,6e5895cd-11d6-4b4f-b8be-05c9e77904d0,9984c66e-c39b-4ee9-831a-2fcb33fa08f9,2026-06-10 22:09:37,confirmed,Sin zona
2e04e14a-e726-4b3a-a784-763f779b8a14,c5bdf75d-2c7c-43d1-8808-a065dabac5ad,95b5dae5-afa7-4aaf-857b-42e950eeadf6,2026-05-15 01:58:37,confirmed,Sin zona
a08b235c-5374-493d-8bd8-152cfbf3516a,7f0e1397-2145-49da-9bd3-bbcf38c9c3ea,7670765f-52ab-4e8c-b728-8406e8afb288,2026-02-16 22:38:37,confirmed,Sin zona
6425d788-91fe-472b-9620-179342ba9a18,8b38401d-35be-438f-bbe0-f6863940298d,1643ba6c-163a-4529-9df7-fb3ac4617ac2,2026-02-25 10:20:37,confirmed,Sin zona
e65409bb-4e71-4424-a203-60c323898c5a,7f0e1397-2145-49da-9bd3-bbcf38c9c3ea,95b5dae5-afa7-4aaf-857b-42e950eeadf6,2026-01-06 19:21:37,confirmed,Sin zona
e2f54070-42b5-4e5c-b09c-28d472730e36,e717b6c3-6dac-408e-9b38-dedc677e01f4,863909c0-078b-446a-b81e-05dd8fb8c770,2026-05-12 20:35:37,confirmed,Sin zona
b5c644f0-42e8-4a3e-97e8-ca214c09a3c7,157b17db-2761-48f6-9812-6e8188805180,c822eeb5-021a-4435-9742-72fcf3cf0018,2026-01-31 22:14:37,confirmed,Sin zona
d9bd3dc9-e7e7-479f-96a7-d1abcd826df2,736bfb15-92e8-442d-8e88-4e7fd6cf07e5,cbafa8c4-e978-4650-8f1d-f4881265df58,2026-02-16 17:47:37,confirmed,Sin zona
a74502c0-227a-497a-b3db-e7919118cc02,b4a622d9-62b6-4f60-8284-ac9bc09a2e4d,9984c66e-c39b-4ee9-831a-2fcb33fa08f9,2026-06-09 12:05:37,confirmed,Sin zona
0973c24f-dbf1-4995-9936-db89040ec4b7,736bfb15-92e8-442d-8e88-4e7fd6cf07e5,d9abefd7-61bb-4afc-9a71-c86a6b1ad9d6,2026-04-30 12:59:37,cancelled,Sin zona
6118a0c5-ae15-42b2-aa01-8b035a37284a,7f0e1397-2145-49da-9bd3-bbcf38c9c3ea,7670765f-52ab-4e8c-b728-8406e8afb288,2026-02-17 18:17:37,confirmed,Sin zona
cd57721b-a035-45dc-9457-a6f8c1091e79,2ddbb4ea-d1ff-4f39-a813-7b44dba51b3c,cbafa8c4-e978-4650-8f1d-f4881265df58,2026-01-03 16:24:37,confirmed,Sin zona
8b8ad099-fcf7-4a48-a39d-ca5c62d184ed,f2faed0b-9fb1-4246-a0f1-5309eb627501,9e2535c0-83c9-46d1-8316-fce405d8eac6,2026-06-13 03:49:37,confirmed,Sin zona
194ad875-aa75-4886-82b0-4713b7d00127,2ddbb4ea-d1ff-4f39-a813-7b44dba51b3c,95b5dae5-afa7-4aaf-857b-42e950eeadf6,2026-04-11 00:22:37,cancelled,Sin zona
850c39d4-ac75-4419-870c-f8deddf141d9,9d6921d8-2ea5-48c2-bd28-285eecbc60de,9984c66e-c39b-4ee9-831a-2fcb33fa08f9,2026-05-03 22:35:37,confirmed,Sin zona
9b62f845-68b5-4357-89fe-1c3533666b00,e717b6c3-6dac-408e-9b38-dedc677e01f4,c822eeb5-021a-4435-9742-72fcf3cf0018,2026-02-07 20:34:37,cancelled,Sin zona
e3618115-6c60-4512-8962-63e197ca5c06,2ddbb4ea-d1ff-4f39-a813-7b44dba51b3c,cbafa8c4-e978-4650-8f1d-f4881265df58,2026-06-18 02:18:37,confirmed,Sin zona
aaad73d6-f71b-41e2-9907-c75935627afe,9d6921d8-2ea5-48c2-bd28-285eecbc60de,863909c0-078b-446a-b81e-05dd8fb8c770,2026-02-22 12:14:37,confirmed,Sin zona
ba53c902-0f05-4391-814a-7fa1c23d7b33,101270e9-800c-4716-bc8e-3112bdd50182,4286b6c6-3f7a-43df-aa08-2a79ba33438c,2026-03-09 09:17:37,confirmed,Sin zona
31430dc5-4c51-4412-a912-e36a0bb8cab0,0a21987d-32af-4f27-8bd0-f7e23f8ebe2b,d9abefd7-61bb-4afc-9a71-c86a6b1ad9d6,2026-01-17 06:41:37,pending,Sin zona
55674784-4b6a-44ff-b7c3-d7b803930177,ff9ac0b2-a976-4cfd-adcd-7837f54a6f3b,c822eeb5-021a-4435-9742-72fcf3cf0018,2026-05-03 11:54:37,cancelled,Sin zona
55ee59ff-8bf5-4358-b902-37cd46217085,8b38401d-35be-438f-bbe0-f6863940298d,c822eeb5-021a-4435-9742-72fcf3cf0018,2026-05-25 06:08:37,confirmed,Sin zona
057694f7-b92e-41b0-a25a-e075488cbbe8,f21295cf-18de-475b-a756-1dd17b47e85e,4286b6c6-3f7a-43df-aa08-2a79ba33438c,2026-02-20 18:17:37,pending,Sin zona
af814fbd-957c-4842-a08c-381814acd1d2,a2bdc30f-3c1c-435a-97f4-b5b4f900fb70,7670765f-52ab-4e8c-b728-8406e8afb288,2026-04-22 01:09:37,confirmed,Sin zona
34239861-16ca-4235-894b-4f62e2545259,ff9ac0b2-a976-4cfd-adcd-7837f54a6f3b,7670765f-52ab-4e8c-b728-8406e8afb288,2026-02-15 05:31:37,cancelled,Sin zona
1144cb3e-b483-4e2f-a963-c0e687413c08,157b17db-2761-48f6-9812-6e8188805180,4286b6c6-3f7a-43df-aa08-2a79ba33438c,2026-01-27 21:59:37,confirmed,Sin zona
525bb02c-2f9e-450b-8079-d7c9e552d9b6,9d6921d8-2ea5-48c2-bd28-285eecbc60de,cbafa8c4-e978-4650-8f1d-f4881265df58,2026-03-23 03:00:37,confirmed,Sin zona
4f2b31c8-72e4-4ce3-8756-dabc555f0590,9d6921d8-2ea5-48c2-bd28-285eecbc60de,9984c66e-c39b-4ee9-831a-2fcb33fa08f9,2026-01-24 09:39:37,confirmed,Sin zona
131abe5e-0c79-49ce-96fd-2cea03d429c2,c5bdf75d-2c7c-43d1-8808-a065dabac5ad,d9abefd7-61bb-4afc-9a71-c86a6b1ad9d6,2025-12-25 14:02:37,cancelled,Sin zona
a699a82e-1c29-4092-9ea1-3ec741f84fd3,ff9ac0b2-a976-4cfd-adcd-7837f54a6f3b,7670765f-52ab-4e8c-b728-8406e8afb288,2026-05-14 12:53:37,confirmed,Sin zona
628c5daa-ebda-4298-8eac-ae5d190f3868,b4a622d9-62b6-4f60-8284-ac9bc09a2e4d,9984c66e-c39b-4ee9-831a-2fcb33fa08f9,2026-03-02 11:15:37,confirmed,Sin zona
c7f19210-8702-421a-883c-4335344a41fd,6e5895cd-11d6-4b4f-b8be-05c9e77904d0,c822eeb5-021a-4435-9742-72fcf3cf0018,2026-06-02 13:09:37,confirmed,Sin zona
43aec499-1333-4b47-97d7-701d10d8f317,7f0e1397-2145-49da-9bd3-bbcf38c9c3ea,7670765f-52ab-4e8c-b728-8406e8afb288,2026-06-01 07:50:37,confirmed,Sin zona
f2b07a55-a3c5-416d-9d84-9631c3db21dd,2661b135-ad73-4815-ae5b-506265532f24,1643ba6c-163a-4529-9df7-fb3ac4617ac2,2026-04-06 20:34:37,confirmed,Sin zona
aa6d0685-b716-4d08-9af8-a0c4128b50ec,6e5895cd-11d6-4b4f-b8be-05c9e77904d0,863909c0-078b-446a-b81e-05dd8fb8c770,2026-06-09 06:26:37,confirmed,Sin zona
9f36976b-711c-4826-ac7a-26cfd83b5d36,c5bdf75d-2c7c-43d1-8808-a065dabac5ad,d9abefd7-61bb-4afc-9a71-c86a6b1ad9d6,2026-06-22 14:23:37,confirmed,Sin zona
cf922232-1480-4825-91e2-bb2294ee140a,8b38401d-35be-438f-bbe0-f6863940298d,cbafa8c4-e978-4650-8f1d-f4881265df58,2026-03-17 21:38:37,confirmed,Sin zona
27a2aa71-2758-4f8b-b382-59c1e128cdac,8b38401d-35be-438f-bbe0-f6863940298d,1643ba6c-163a-4529-9df7-fb3ac4617ac2,2026-01-11 02:04:37,confirmed,Sin zona
c8887a27-ca81-47f0-ade0-649b6da7b211,b4a622d9-62b6-4f60-8284-ac9bc09a2e4d,cbafa8c4-e978-4650-8f1d-f4881265df58,2026-01-28 16:05:37,confirmed,Sin zona
1e16fb23-7a54-497b-991d-fbc3559c8134,101270e9-800c-4716-bc8e-3112bdd50182,9984c66e-c39b-4ee9-831a-2fcb33fa08f9,2026-05-12 14:08:37,cancelled,Sin zona
61246bd4-39ae-4fef-b493-ddbbc930e30b,f21295cf-18de-475b-a756-1dd17b47e85e,c822eeb5-021a-4435-9742-72fcf3cf0018,2026-03-13 15:15:37,confirmed,Sin zona
20ebad24-6022-45b3-8efc-a12508a75053,c5bdf75d-2c7c-43d1-8808-a065dabac5ad,d9abefd7-61bb-4afc-9a71-c86a6b1ad9d6,2026-05-03 14:25:37,confirmed,Sin zona
20c1fd3b-464e-465e-9b71-7ce2ed193a11,8b38401d-35be-438f-bbe0-f6863940298d,d9abefd7-61bb-4afc-9a71-c86a6b1ad9d6,2026-04-20 10:50:37,confirmed,Sin zona
11bd2776-641b-4b6d-bb9d-9d4d53d92e8e,c5bdf75d-2c7c-43d1-8808-a065dabac5ad,d9abefd7-61bb-4afc-9a71-c86a6b1ad9d6,2026-05-10 11:57:37,confirmed,Sin zona
0163bafc-6a89-4b30-9213-4dcc502b39ca,f2faed0b-9fb1-4246-a0f1-5309eb627501,95b5dae5-afa7-4aaf-857b-42e950eeadf6,2026-03-15 08:09:37,confirmed,Sin zona
f6e90154-35c3-4eaa-ae2f-a8dafd3703c2,e8e942ff-6c91-4eab-91e6-9e3064724087,d9abefd7-61bb-4afc-9a71-c86a6b1ad9d6,2026-03-25 13:55:37,cancelled,Sin zona
3e6bf305-c691-4f4a-8527-487aea34ecad,8b38401d-35be-438f-bbe0-f6863940298d,9984c66e-c39b-4ee9-831a-2fcb33fa08f9,2026-01-20 18:41:37,confirmed,Sin zona
00b297c7-f0b3-4388-b443-a3bbd241ea1b,a2bdc30f-3c1c-435a-97f4-b5b4f900fb70,9984c66e-c39b-4ee9-831a-2fcb33fa08f9,2026-03-09 16:13:37,cancelled,Sin zona
649b2709-8702-4d84-98f5-4dd1a4864cea,a2bdc30f-3c1c-435a-97f4-b5b4f900fb70,d9abefd7-61bb-4afc-9a71-c86a6b1ad9d6,2026-04-16 10:18:37,pending,Sin zona
b520d0c0-ce5c-499a-827f-ebcc8c7d4682,0a21987d-32af-4f27-8bd0-f7e23f8ebe2b,9984c66e-c39b-4ee9-831a-2fcb33fa08f9,2026-01-22 17:06:37,cancelled,Sin zona
eae26d93-d202-47c5-b8c5-5c152aab1f77,a2bdc30f-3c1c-435a-97f4-b5b4f900fb70,9e2535c0-83c9-46d1-8316-fce405d8eac6,2026-06-12 03:44:37,confirmed,Sin zona
1475520e-5ee9-4bda-9e41-59742fcfaffd,2ddbb4ea-d1ff-4f39-a813-7b44dba51b3c,d9abefd7-61bb-4afc-9a71-c86a6b1ad9d6,2026-01-14 18:14:37,confirmed,Sin zona
2b396ff9-5cd8-442e-9386-a5677a8d55d1,b4a622d9-62b6-4f60-8284-ac9bc09a2e4d,cbafa8c4-e978-4650-8f1d-f4881265df58,2026-04-18 08:38:37,cancelled,Sin zona
65474ecb-a210-4b29-bf3d-0e4143fe4d79,9d6921d8-2ea5-48c2-bd28-285eecbc60de,cbafa8c4-e978-4650-8f1d-f4881265df58,2026-06-16 03:36:37,confirmed,Sin zona
dd409947-f37e-42ed-8114-452630bcc9fb,ff9ac0b2-a976-4cfd-adcd-7837f54a6f3b,9e2535c0-83c9-46d1-8316-fce405d8eac6,2026-02-27 05:06:37,confirmed,Sin zona
97607071-4b16-4160-acb6-77e28b382c13,6e5895cd-11d6-4b4f-b8be-05c9e77904d0,d9abefd7-61bb-4afc-9a71-c86a6b1ad9d6,2026-06-15 19:01:37,confirmed,Sin zona
b3e6c01f-f2fd-4211-89e6-a7ea088bc9db,02969d52-a85f-4a6c-8689-72be23d1eead,9984c66e-c39b-4ee9-831a-2fcb33fa08f9,2026-01-18 12:14:37,confirmed,Sin zona
99c683e7-8b73-4224-974b-7b935ff3bd0f,b4a622d9-62b6-4f60-8284-ac9bc09a2e4d,c822eeb5-021a-4435-9742-72fcf3cf0018,2026-03-29 11:48:37,cancelled,Sin zona
dbcdc983-0788-43c4-9982-7bb295a64029,b4a622d9-62b6-4f60-8284-ac9bc09a2e4d,cbafa8c4-e978-4650-8f1d-f4881265df58,2026-01-11 15:12:37,confirmed,Sin zona
412d8c36-16e0-459e-8dec-99459940c8eb,736bfb15-92e8-442d-8e88-4e7fd6cf07e5,cbafa8c4-e978-4650-8f1d-f4881265df58,2026-05-03 09:42:37,confirmed,Sin zona
13a4af84-e0ee-4f50-a17c-c3153b2c9080,9d6921d8-2ea5-48c2-bd28-285eecbc60de,9e2535c0-83c9-46d1-8316-fce405d8eac6,2026-01-31 15:50:37,confirmed,Sin zona
7e8083da-a2c9-4087-8382-0d8612340b77,f1b1b1f5-d750-4b83-b8ce-7f5af89ae164,d9abefd7-61bb-4afc-9a71-c86a6b1ad9d6,2026-05-26 22:22:37,confirmed,Sin zona
e86e1462-c189-4f36-8b03-77eb5659fa34,f2faed0b-9fb1-4246-a0f1-5309eb627501,d9abefd7-61bb-4afc-9a71-c86a6b1ad9d6,2026-03-26 21:26:37,confirmed,Sin zona
235fca86-6821-4ff0-a9e0-f6e91e011288,8b38401d-35be-438f-bbe0-f6863940298d,d9abefd7-61bb-4afc-9a71-c86a6b1ad9d6,2026-01-19 17:32:37,pending,Sin zona
8790ee26-4296-45c3-973f-081562ff66fc,ff9ac0b2-a976-4cfd-adcd-7837f54a6f3b,863909c0-078b-446a-b81e-05dd8fb8c770,2026-02-28 05:58:37,confirmed,Sin zona
a7127d29-195b-47ea-b231-2a7b3e76a9ac,02969d52-a85f-4a6c-8689-72be23d1eead,95b5dae5-afa7-4aaf-857b-42e950eeadf6,2026-02-22 20:03:37,confirmed,Sin zona
a4596390-88ea-41db-83bf-187927df6cf9,e8e942ff-6c91-4eab-91e6-9e3064724087,1643ba6c-163a-4529-9df7-fb3ac4617ac2,2026-02-11 09:03:37,confirmed,Sin zona
191973d1-3925-41c2-8eab-723d89140a2d,e717b6c3-6dac-408e-9b38-dedc677e01f4,c822eeb5-021a-4435-9742-72fcf3cf0018,2026-03-28 05:56:37,confirmed,Sin zona
0acd5baa-f6e6-4856-8041-2604e1fe459a,a2bdc30f-3c1c-435a-97f4-b5b4f900fb70,4286b6c6-3f7a-43df-aa08-2a79ba33438c,2026-06-15 17:44:37,confirmed,Sin zona
b67ace6b-2546-4cf6-b183-3443b9502516,64841961-074e-45f5-89d1-70d0d7e458d2,c822eeb5-021a-4435-9742-72fcf3cf0018,2026-05-15 11:50:37,confirmed,Sin zona
01dc4587-516b-4e4c-9bb8-2287a10900eb,c5bdf75d-2c7c-43d1-8808-a065dabac5ad,d9abefd7-61bb-4afc-9a71-c86a6b1ad9d6,2026-03-20 20:08:37,pending,Sin zona
f22c588d-cbe5-429f-acb6-360095fd3f67,0a21987d-32af-4f27-8bd0-f7e23f8ebe2b,c822eeb5-021a-4435-9742-72fcf3cf0018,2026-01-15 00:37:37,confirmed,Sin zona
7d2eb715-0de6-40be-acdf-8fd6f68609ab,f21295cf-18de-475b-a756-1dd17b47e85e,cbafa8c4-e978-4650-8f1d-f4881265df58,2026-02-27 15:59:37,confirmed,Sin zona
e87a5d76-f7e1-4fa7-a3fe-a97ff5cdbaa5,e717b6c3-6dac-408e-9b38-dedc677e01f4,7670765f-52ab-4e8c-b728-8406e8afb288,2026-03-17 08:58:37,confirmed,Sin zona
f9b5f4ac-ff28-4886-add3-e31e8f35388f,157b17db-2761-48f6-9812-6e8188805180,c822eeb5-021a-4435-9742-72fcf3cf0018,2026-02-23 22:59:37,confirmed,Sin zona
209b5082-4c5d-414a-a03e-a6297a6ec846,f2faed0b-9fb1-4246-a0f1-5309eb627501,4286b6c6-3f7a-43df-aa08-2a79ba33438c,2026-04-30 22:13:37,confirmed,Sin zona
03364bc2-29c1-4294-9c85-2ae8a6795430,02969d52-a85f-4a6c-8689-72be23d1eead,863909c0-078b-446a-b81e-05dd8fb8c770,2026-04-13 07:42:37,confirmed,Sin zona
f9205f7c-0dcd-4745-93d3-6e96bf67fb10,f2faed0b-9fb1-4246-a0f1-5309eb627501,c822eeb5-021a-4435-9742-72fcf3cf0018,2026-03-14 16:38:37,confirmed,Sin zona
58f52c24-d21e-41a1-94ae-020c5cc75bb3,736bfb15-92e8-442d-8e88-4e7fd6cf07e5,9984c66e-c39b-4ee9-831a-2fcb33fa08f9,2026-04-13 22:47:37,confirmed,Sin zona
2708c3dc-f2c2-4831-8677-f7f85cc19858,e8e942ff-6c91-4eab-91e6-9e3064724087,9984c66e-c39b-4ee9-831a-2fcb33fa08f9,2026-05-09 08:54:37,pending,Sin zona
2a4f2df5-3e7b-43bc-b978-9323dc765034,a2bdc30f-3c1c-435a-97f4-b5b4f900fb70,9984c66e-c39b-4ee9-831a-2fcb33fa08f9,2026-01-10 17:35:37,pending,Sin zona
71b53b0c-fd2b-4c16-8e18-8edd18a9c86c,b4a622d9-62b6-4f60-8284-ac9bc09a2e4d,4286b6c6-3f7a-43df-aa08-2a79ba33438c,2026-05-07 16:24:37,confirmed,Sin zona
c11ae672-815f-4dfd-a451-ac3f7d8ec2ef,b4a622d9-62b6-4f60-8284-ac9bc09a2e4d,c822eeb5-021a-4435-9742-72fcf3cf0018,2026-04-11 16:26:37,confirmed,Sin zona
e178c60b-a06b-41ce-bdd5-9bb047cdd4f5,f1b1b1f5-d750-4b83-b8ce-7f5af89ae164,9e2535c0-83c9-46d1-8316-fce405d8eac6,2026-02-26 19:05:37,confirmed,Sin zona
d9adcf14-2efc-471a-b7ae-dd24a27b6fbc,f21295cf-18de-475b-a756-1dd17b47e85e,7670765f-52ab-4e8c-b728-8406e8afb288,2025-12-25 13:16:37,confirmed,Sin zona
10935eec-8bb8-4a86-8f9f-115b300dbb95,f2faed0b-9fb1-4246-a0f1-5309eb627501,1643ba6c-163a-4529-9df7-fb3ac4617ac2,2026-06-06 06:26:37,cancelled,Sin zona
20c10123-cb49-4cf0-adff-0c78f56f932d,9d6921d8-2ea5-48c2-bd28-285eecbc60de,9e2535c0-83c9-46d1-8316-fce405d8eac6,2026-04-23 15:31:37,confirmed,Sin zona
dfce8b00-c72b-4e7f-a2ff-11cd553b9e5f,157b17db-2761-48f6-9812-6e8188805180,4286b6c6-3f7a-43df-aa08-2a79ba33438c,2026-04-28 04:00:37,confirmed,Sin zona
de521138-0fe6-4805-a9c9-2460f4201c7b,7f0e1397-2145-49da-9bd3-bbcf38c9c3ea,95b5dae5-afa7-4aaf-857b-42e950eeadf6,2026-02-05 19:57:37,cancelled,Sin zona
3f68fbe3-8008-4c66-a608-83c9dadb7626,8b38401d-35be-438f-bbe0-f6863940298d,cbafa8c4-e978-4650-8f1d-f4881265df58,2026-02-13 08:41:37,confirmed,Sin zona
69d9ce5a-07be-4649-b382-8dbdba5d52dd,f21295cf-18de-475b-a756-1dd17b47e85e,7670765f-52ab-4e8c-b728-8406e8afb288,2026-05-30 12:56:37,confirmed,Sin zona
d93a717b-d979-497b-aebc-450f074103d8,736bfb15-92e8-442d-8e88-4e7fd6cf07e5,95b5dae5-afa7-4aaf-857b-42e950eeadf6,2026-01-10 20:39:37,confirmed,Sin zona
66c73754-6d94-41f6-bd69-84480d1a8411,736bfb15-92e8-442d-8e88-4e7fd6cf07e5,95b5dae5-afa7-4aaf-857b-42e950eeadf6,2026-03-29 23:00:37,confirmed,Sin zona
cb11afb9-dbef-49f1-ac99-e391c3aad813,2ddbb4ea-d1ff-4f39-a813-7b44dba51b3c,cbafa8c4-e978-4650-8f1d-f4881265df58,2026-02-22 11:09:37,pending,Sin zona
7cabb367-80f5-46e5-99b0-23afa2d98d8b,101270e9-800c-4716-bc8e-3112bdd50182,d9abefd7-61bb-4afc-9a71-c86a6b1ad9d6,2026-03-17 01:45:37,cancelled,Sin zona
99c7fdd5-0b9b-4061-ac1f-dda4102f047f,b4a622d9-62b6-4f60-8284-ac9bc09a2e4d,c822eeb5-021a-4435-9742-72fcf3cf0018,2026-04-17 20:04:37,confirmed,Sin zona
f1f6a69e-fc9e-4e1e-971e-7427075dfc0b,2661b135-ad73-4815-ae5b-506265532f24,863909c0-078b-446a-b81e-05dd8fb8c770,2026-05-08 11:40:37,confirmed,Sin zona
901a3e92-91a9-44e0-bd47-fb8bfe886d94,736bfb15-92e8-442d-8e88-4e7fd6cf07e5,95b5dae5-afa7-4aaf-857b-42e950eeadf6,2026-04-04 09:15:37,confirmed,Sin zona
e7df426f-9a08-4676-97d2-9a5bef06e0b6,f1b1b1f5-d750-4b83-b8ce-7f5af89ae164,7670765f-52ab-4e8c-b728-8406e8afb288,2026-03-08 06:44:37,cancelled,Sin zona
0a913aee-bde9-4c4d-825e-741fbabf1307,0a21987d-32af-4f27-8bd0-f7e23f8ebe2b,4286b6c6-3f7a-43df-aa08-2a79ba33438c,2026-02-25 19:38:37,confirmed,Sin zona
b4c4baa8-d96e-41c6-bde6-4c23e26b385e,101270e9-800c-4716-bc8e-3112bdd50182,c822eeb5-021a-4435-9742-72fcf3cf0018,2026-04-23 21:48:37,confirmed,Sin zona
27af461e-9879-468b-9f04-9e95fa0a89a1,2ddbb4ea-d1ff-4f39-a813-7b44dba51b3c,c822eeb5-021a-4435-9742-72fcf3cf0018,2026-05-18 22:24:37,confirmed,Sin zona
8d3dcfbb-195c-466d-a742-8a4a8f685cff,8b38401d-35be-438f-bbe0-f6863940298d,4286b6c6-3f7a-43df-aa08-2a79ba33438c,2026-04-09 04:36:37,confirmed,Sin zona
8eb3a133-b78d-4673-9a49-ae3b67170bc5,f1b1b1f5-d750-4b83-b8ce-7f5af89ae164,9e2535c0-83c9-46d1-8316-fce405d8eac6,2025-12-26 15:52:37,confirmed,Sin zona
e7681abb-0079-48da-9348-8b2a3a174460,6e5895cd-11d6-4b4f-b8be-05c9e77904d0,1643ba6c-163a-4529-9df7-fb3ac4617ac2,2026-01-27 16:39:37,confirmed,Sin zona
d3a94eea-5d43-4e82-8845-a3e47bb56157,736bfb15-92e8-442d-8e88-4e7fd6cf07e5,7670765f-52ab-4e8c-b728-8406e8afb288,2025-12-27 19:24:37,confirmed,Sin zona
fa84e08d-0434-41fd-b8e5-a3af2d16ed76,2661b135-ad73-4815-ae5b-506265532f24,c822eeb5-021a-4435-9742-72fcf3cf0018,2026-03-27 21:11:37,confirmed,Sin zona
fd510732-d2b2-4c3d-a866-e329ea9df67f,02969d52-a85f-4a6c-8689-72be23d1eead,9984c66e-c39b-4ee9-831a-2fcb33fa08f9,2026-03-11 03:47:37,pending,Sin zona
0e544170-8047-45a5-87bf-d5a51c0f92d3,02969d52-a85f-4a6c-8689-72be23d1eead,4286b6c6-3f7a-43df-aa08-2a79ba33438c,2026-05-30 04:47:37,confirmed,Sin zona
6837579b-b3d4-4d81-9e4c-107aac5c95e6,e8e942ff-6c91-4eab-91e6-9e3064724087,c822eeb5-021a-4435-9742-72fcf3cf0018,2026-05-04 12:51:37,confirmed,Sin zona
a069f3c0-f96f-490f-9863-59f0ab5a0aa1,0a21987d-32af-4f27-8bd0-f7e23f8ebe2b,9e2535c0-83c9-46d1-8316-fce405d8eac6,2026-04-16 12:46:37,confirmed,Sin zona
1e578bf0-940d-4731-81d7-3fbe85dab33d,02969d52-a85f-4a6c-8689-72be23d1eead,863909c0-078b-446a-b81e-05dd8fb8c770,2026-06-10 16:36:37,confirmed,Sin zona
5e970f61-c58f-4c0b-bd4b-72afd2f4fe98,c5bdf75d-2c7c-43d1-8808-a065dabac5ad,9984c66e-c39b-4ee9-831a-2fcb33fa08f9,2026-02-26 18:45:37,confirmed,Sin zona
2b0e2eb3-1bf2-43fb-87c1-826466682a55,b4a622d9-62b6-4f60-8284-ac9bc09a2e4d,9e2535c0-83c9-46d1-8316-fce405d8eac6,2026-05-20 23:11:37,cancelled,Sin zona
7cdda6dc-de81-4f00-bab5-619e4250c9f2,9d6921d8-2ea5-48c2-bd28-285eecbc60de,cbafa8c4-e978-4650-8f1d-f4881265df58,2025-12-26 00:57:37,cancelled,Sin zona
2c484ac5-ac3f-4002-b7fe-afaf4fc7a042,9d6921d8-2ea5-48c2-bd28-285eecbc60de,7670765f-52ab-4e8c-b728-8406e8afb288,2025-12-28 22:32:37,confirmed,Sin zona
d0529968-a7ce-474e-845e-10173fdbc57b,f21295cf-18de-475b-a756-1dd17b47e85e,cbafa8c4-e978-4650-8f1d-f4881265df58,2026-03-28 23:58:37,confirmed,Sin zona
fa9c1ac4-4785-49fa-9ae5-55c6c8da5305,f2faed0b-9fb1-4246-a0f1-5309eb627501,1643ba6c-163a-4529-9df7-fb3ac4617ac2,2026-02-25 15:04:37,confirmed,Sin zona
49626ca2-cab7-41ab-806e-1503a13db7c0,0a21987d-32af-4f27-8bd0-f7e23f8ebe2b,7670765f-52ab-4e8c-b728-8406e8afb288,2025-12-29 01:41:37,confirmed,Sin zona
ea62c29d-b92a-420d-aa9f-c5b44e3b9dd6,101270e9-800c-4716-bc8e-3112bdd50182,95b5dae5-afa7-4aaf-857b-42e950eeadf6,2026-05-14 21:42:37,confirmed,Sin zona
6046ec01-22d3-4f6b-9b9a-d462235633f6,e8e942ff-6c91-4eab-91e6-9e3064724087,863909c0-078b-446a-b81e-05dd8fb8c770,2026-02-08 00:01:37,confirmed,Sin zona
ab3c0ff2-4f31-4228-a0b6-464fbaff429f,c5bdf75d-2c7c-43d1-8808-a065dabac5ad,95b5dae5-afa7-4aaf-857b-42e950eeadf6,2026-03-10 04:46:37,confirmed,Sin zona
0c35a4b8-31a1-4b24-b4f0-0152c84408e0,2ddbb4ea-d1ff-4f39-a813-7b44dba51b3c,d9abefd7-61bb-4afc-9a71-c86a6b1ad9d6,2026-05-15 17:48:37,confirmed,Sin zona
5fe604e9-45d1-4282-886d-ecff2277c69b,f21295cf-18de-475b-a756-1dd17b47e85e,d9abefd7-61bb-4afc-9a71-c86a6b1ad9d6,2026-03-31 01:09:37,confirmed,Sin zona
04ee2364-627b-4902-8cdd-8d775e97b9a1,02969d52-a85f-4a6c-8689-72be23d1eead,9984c66e-c39b-4ee9-831a-2fcb33fa08f9,2026-02-20 10:18:37,confirmed,Sin zona
4290f39a-be3a-4385-a030-728a4936cf1e,ff9ac0b2-a976-4cfd-adcd-7837f54a6f3b,9984c66e-c39b-4ee9-831a-2fcb33fa08f9,2026-02-27 12:31:37,confirmed,Sin zona
2f01f0c1-1afa-4d9b-bbb1-422a6c77eed0,e8e942ff-6c91-4eab-91e6-9e3064724087,95b5dae5-afa7-4aaf-857b-42e950eeadf6,2025-12-27 04:53:37,confirmed,Sin zona
b6050403-8f44-457b-a539-e0a4d4a0e400,f2faed0b-9fb1-4246-a0f1-5309eb627501,cbafa8c4-e978-4650-8f1d-f4881265df58,2026-02-22 12:34:37,confirmed,Sin zona
ea92a60e-9d18-4817-8704-86fa3ceea704,c5bdf75d-2c7c-43d1-8808-a065dabac5ad,4286b6c6-3f7a-43df-aa08-2a79ba33438c,2026-05-06 03:44:37,confirmed,Sin zona
fffa80b0-0b37-4d17-9104-53ff44f4f797,6e5895cd-11d6-4b4f-b8be-05c9e77904d0,4286b6c6-3f7a-43df-aa08-2a79ba33438c,2026-02-28 12:19:37,cancelled,Sin zona
e725530c-fc0d-424a-9f21-79cab17f92b3,2ddbb4ea-d1ff-4f39-a813-7b44dba51b3c,d9abefd7-61bb-4afc-9a71-c86a6b1ad9d6,2026-01-20 15:20:37,confirmed,Sin zona
030148a1-479e-4b28-94f5-45491cac3ee1,f1b1b1f5-d750-4b83-b8ce-7f5af89ae164,9e2535c0-83c9-46d1-8316-fce405d8eac6,2026-04-06 12:56:37,confirmed,Sin zona
59acdf86-f2c3-4b0d-9a79-18bdd9109b36,2ddbb4ea-d1ff-4f39-a813-7b44dba51b3c,863909c0-078b-446a-b81e-05dd8fb8c770,2026-05-01 04:48:37,confirmed,Sin zona
a5a91cca-cdd5-41b4-b61a-833be6ae87b6,02969d52-a85f-4a6c-8689-72be23d1eead,4286b6c6-3f7a-43df-aa08-2a79ba33438c,2026-05-18 20:18:37,cancelled,Sin zona
701bca0c-bd68-476d-bfe5-99da326f9d1e,7f0e1397-2145-49da-9bd3-bbcf38c9c3ea,9e2535c0-83c9-46d1-8316-fce405d8eac6,2026-05-18 04:09:37,confirmed,Sin zona
59a85b74-009d-4fca-beed-a8b374158724,2661b135-ad73-4815-ae5b-506265532f24,1643ba6c-163a-4529-9df7-fb3ac4617ac2,2026-01-02 19:32:37,confirmed,Sin zona
459011b8-31d1-425d-b76f-c7054e14c116,a2bdc30f-3c1c-435a-97f4-b5b4f900fb70,4286b6c6-3f7a-43df-aa08-2a79ba33438c,2026-05-14 10:40:37,confirmed,Sin zona
1f899d55-a105-4e7e-9302-e6447abf86d1,2ddbb4ea-d1ff-4f39-a813-7b44dba51b3c,9984c66e-c39b-4ee9-831a-2fcb33fa08f9,2026-04-05 18:55:37,confirmed,Sin zona
af055f81-30af-45b2-b0c8-5c4adfa37656,b4a622d9-62b6-4f60-8284-ac9bc09a2e4d,7670765f-52ab-4e8c-b728-8406e8afb288,2026-05-21 17:39:37,confirmed,Sin zona
3b91fe1f-1e50-4180-97dc-81484c3dbd15,9d6921d8-2ea5-48c2-bd28-285eecbc60de,4286b6c6-3f7a-43df-aa08-2a79ba33438c,2026-05-03 07:41:37,confirmed,Sin zona
514abe63-962a-49ae-9d42-b5321e87925c,a2bdc30f-3c1c-435a-97f4-b5b4f900fb70,c822eeb5-021a-4435-9742-72fcf3cf0018,2026-03-18 19:20:37,cancelled,Sin zona
da477d17-d09d-4763-8f84-c42f4f642394,6e5895cd-11d6-4b4f-b8be-05c9e77904d0,1643ba6c-163a-4529-9df7-fb3ac4617ac2,2026-02-02 09:37:37,confirmed,Sin zona
e1c3e900-7a7a-46cc-a777-fe887530d74d,a2bdc30f-3c1c-435a-97f4-b5b4f900fb70,95b5dae5-afa7-4aaf-857b-42e950eeadf6,2026-01-28 04:48:37,confirmed,Sin zona
2c8de7df-00be-4a7f-b60f-6176011db2de,0a21987d-32af-4f27-8bd0-f7e23f8ebe2b,9e2535c0-83c9-46d1-8316-fce405d8eac6,2026-02-23 11:52:37,cancelled,Sin zona
48917fbb-cf4a-4089-b6c9-d40335611de7,f2faed0b-9fb1-4246-a0f1-5309eb627501,cbafa8c4-e978-4650-8f1d-f4881265df58,2026-01-11 17:35:37,confirmed,Sin zona
a9f02336-dc3e-40a5-9b30-0bd66d3bc2a0,e717b6c3-6dac-408e-9b38-dedc677e01f4,d9abefd7-61bb-4afc-9a71-c86a6b1ad9d6,2026-01-20 11:33:37,cancelled,Sin zona
408c9f5c-5798-442f-8856-81f088659b9f,7f0e1397-2145-49da-9bd3-bbcf38c9c3ea,95b5dae5-afa7-4aaf-857b-42e950eeadf6,2026-01-17 18:41:37,confirmed,Sin zona
24b03a3b-9f4d-4c96-ae8b-13d7eb57d808,2ddbb4ea-d1ff-4f39-a813-7b44dba51b3c,9e2535c0-83c9-46d1-8316-fce405d8eac6,2026-02-16 02:03:37,pending,Sin zona
596a7ddd-a5c2-41c2-bb2a-702da5ce4e2b,101270e9-800c-4716-bc8e-3112bdd50182,863909c0-078b-446a-b81e-05dd8fb8c770,2025-12-26 02:02:37,confirmed,Sin zona
e216301f-b757-433e-bf95-43eef67dce20,7f0e1397-2145-49da-9bd3-bbcf38c9c3ea,1643ba6c-163a-4529-9df7-fb3ac4617ac2,2026-03-07 23:51:37,confirmed,Sin zona
34f842f4-aa92-4812-92d0-38e374e2248d,e717b6c3-6dac-408e-9b38-dedc677e01f4,cbafa8c4-e978-4650-8f1d-f4881265df58,2026-04-05 02:45:37,confirmed,Sin zona
0aa1b46f-1b15-4edc-8ee6-cb50aa9ba1b1,f1b1b1f5-d750-4b83-b8ce-7f5af89ae164,863909c0-078b-446a-b81e-05dd8fb8c770,2026-05-08 20:58:37,confirmed,Sin zona
bd5ab28f-e80a-43f7-a7c2-2d9a0bd526da,101270e9-800c-4716-bc8e-3112bdd50182,d9abefd7-61bb-4afc-9a71-c86a6b1ad9d6,2026-02-17 01:08:37,confirmed,Sin zona
6643cb72-1341-4a0a-86bb-154fdef0a8a2,2661b135-ad73-4815-ae5b-506265532f24,cbafa8c4-e978-4650-8f1d-f4881265df58,2026-02-06 05:31:37,confirmed,Sin zona
bc2e073f-b28b-4a24-b5a8-165df1278bbc,64841961-074e-45f5-89d1-70d0d7e458d2,863909c0-078b-446a-b81e-05dd8fb8c770,2026-03-17 20:22:37,confirmed,Sin zona
b22c7e3f-4466-4558-9448-b2103942e03e,157b17db-2761-48f6-9812-6e8188805180,4286b6c6-3f7a-43df-aa08-2a79ba33438c,2026-05-31 12:52:37,cancelled,Sin zona
cf036a94-42e8-40f3-b374-7ea95498d37a,02969d52-a85f-4a6c-8689-72be23d1eead,1643ba6c-163a-4529-9df7-fb3ac4617ac2,2026-05-20 00:09:37,cancelled,Sin zona
ccfce183-10d5-4877-9e6b-0e7b856c891c,a2bdc30f-3c1c-435a-97f4-b5b4f900fb70,1643ba6c-163a-4529-9df7-fb3ac4617ac2,2026-04-25 08:58:37,cancelled,Sin zona
e4648ff9-29d1-4a4d-aceb-ebac989f0454,101270e9-800c-4716-bc8e-3112bdd50182,1643ba6c-163a-4529-9df7-fb3ac4617ac2,2026-02-19 01:34:37,confirmed,Sin zona
0616970d-da61-46f3-999c-c87d9ac3f57f,7f0e1397-2145-49da-9bd3-bbcf38c9c3ea,7670765f-52ab-4e8c-b728-8406e8afb288,2026-05-03 19:46:37,confirmed,Sin zona
97f4b66e-9f64-43d1-8afa-1c4b5d35c8ec,7f0e1397-2145-49da-9bd3-bbcf38c9c3ea,cbafa8c4-e978-4650-8f1d-f4881265df58,2026-03-13 23:50:37,pending,Sin zona
586e9d98-8197-47a2-b23f-59cd0b6ebb4b,6e5895cd-11d6-4b4f-b8be-05c9e77904d0,9e2535c0-83c9-46d1-8316-fce405d8eac6,2026-05-07 11:55:37,confirmed,Sin zona
9d2b0dfe-ba31-45fa-9680-279d7c55bc08,8b38401d-35be-438f-bbe0-f6863940298d,4286b6c6-3f7a-43df-aa08-2a79ba33438c,2026-02-20 09:16:37,confirmed,Sin zona
f4313fe6-1479-4e15-9cbe-6721eb5a3cae,0a21987d-32af-4f27-8bd0-f7e23f8ebe2b,9e2535c0-83c9-46d1-8316-fce405d8eac6,2026-01-05 05:42:37,confirmed,Sin zona
90357e1d-919c-496d-9f51-ebd10c64ff3b,157b17db-2761-48f6-9812-6e8188805180,7670765f-52ab-4e8c-b728-8406e8afb288,2026-02-08 02:47:37,pending,Sin zona
d52101dc-9c55-4495-ba4e-44551d7bac06,9d6921d8-2ea5-48c2-bd28-285eecbc60de,1643ba6c-163a-4529-9df7-fb3ac4617ac2,2026-05-31 20:28:37,confirmed,Sin zona
3c7fecfc-c21e-42bd-99f8-95a14e4eb018,736bfb15-92e8-442d-8e88-4e7fd6cf07e5,95b5dae5-afa7-4aaf-857b-42e950eeadf6,2026-03-08 08:05:37,confirmed,Sin zona
1e5f48e5-868c-4cbc-9184-2d4d85c0b2ff,ff9ac0b2-a976-4cfd-adcd-7837f54a6f3b,c822eeb5-021a-4435-9742-72fcf3cf0018,2026-05-17 13:48:37,confirmed,Sin zona
a2387e87-5ce9-457c-bc45-8749f76e1dbf,7f0e1397-2145-49da-9bd3-bbcf38c9c3ea,4286b6c6-3f7a-43df-aa08-2a79ba33438c,2026-05-14 12:12:37,confirmed,Sin zona
d4f2729b-57b7-42b7-8e9c-afb423be03fe,6e5895cd-11d6-4b4f-b8be-05c9e77904d0,7670765f-52ab-4e8c-b728-8406e8afb288,2026-01-07 02:53:37,confirmed,Sin zona
6e669a06-cfc2-4ba8-a05d-f37eb151ef50,02969d52-a85f-4a6c-8689-72be23d1eead,95b5dae5-afa7-4aaf-857b-42e950eeadf6,2026-04-12 07:35:37,confirmed,Sin zona
2df93ac5-9158-4cba-a3ab-cda3a7190b37,c5bdf75d-2c7c-43d1-8808-a065dabac5ad,c822eeb5-021a-4435-9742-72fcf3cf0018,2026-06-01 08:43:37,pending,Sin zona
8bd74c14-f4c4-43bc-90f7-0e84653c84b0,a2bdc30f-3c1c-435a-97f4-b5b4f900fb70,1643ba6c-163a-4529-9df7-fb3ac4617ac2,2026-05-30 21:19:37,confirmed,Sin zona
7efe8947-3de5-4a48-9e3e-7e98245b7a73,64841961-074e-45f5-89d1-70d0d7e458d2,9984c66e-c39b-4ee9-831a-2fcb33fa08f9,2026-01-22 06:25:37,confirmed,Sin zona
6532321b-f4a3-4e42-b7b3-877c57e05c9d,101270e9-800c-4716-bc8e-3112bdd50182,9984c66e-c39b-4ee9-831a-2fcb33fa08f9,2026-05-01 13:49:37,confirmed,Sin zona
d7d61dc9-cbe4-40d7-af0c-0857a56d86b4,157b17db-2761-48f6-9812-6e8188805180,c822eeb5-021a-4435-9742-72fcf3cf0018,2026-05-27 04:05:37,confirmed,Sin zona
e00616cc-3fa1-4e81-8dc4-2475bafdf274,02969d52-a85f-4a6c-8689-72be23d1eead,d9abefd7-61bb-4afc-9a71-c86a6b1ad9d6,2026-01-21 03:42:37,confirmed,Sin zona
