order_id,product_id,quantity,unit_price
0c87bf35-f31c-4c58-97ed-9e3b469c47ed,fcaa5ef1-2c25-48b5-bd57-b101b1b2652b,3,2500.0
0c87bf35-f31c-4c58-97ed-9e3b469c47ed,c3201119-dd99-4844-8a46-a4c38f9d13a8,1,1800.0
0c87bf35-f31c-4c58-97ed-9e3b469c47ed,ec22e2f1-d875-43e4-8f64-cadf8d1902ba,2,1200.0
43a79009-6986-4ab5-b518-dcbecc917912,a3606d70-ed33-492c-871a-f7c1e055f6d8,1,1500.0
43a79009-6986-4ab5-b518-dcbecc917912,1c557cd6-92f7-42aa-ba9f-10edab7070fd,3,1800.0
43a79009-6986-4ab5-b518-dcbecc917912,a891b765-15af-46ff-a9b8-36e8ede78009,1,4500.0
43a79009-6986-4ab5-b518-dcbecc917912,d8e50106-8fdd-448d-9b5f-a779d69cd1da,1,6500.0
8393a7c1-5f31-4a08-96ba-6ca803be19f8,770e0d8d-4f2a-4fb3-815a-54a29d676689,2,2500.0
8393a7c1-5f31-4a08-96ba-6ca803be19f8,8bc65aa4-9e9c-4bd7-940a-9eead1b6b2b1,3,3000.0
8393a7c1-5f31-4a08-96ba-6ca803be19f8,3f5b7706-7567-4bf7-a12f-c13cfab96e49,3,6500.0
0db8ebaa-51c9-4088-b190-8a436bf13983,978a94d5-d3a9-408a-a95d-c4da7cdcafa1,1,3500.0
0db8ebaa-51c9-4088-b190-8a436bf13983,8402c768-8884-4812-84e3-068073995695,3,4500.0
702bb7c2-1da3-4e57-88fc-0bbe9f9adda7,8fc00801-27ad-420c-91cf-e8aec04652b2,2,2000.0
12e4e4bc-709d-4493-8f1b-8565c9e9fee8,6183c2d7-d1e1-40b4-bdaf-4d66849a18c9,2,2500.0
12e4e4bc-709d-4493-8f1b-8565c9e9fee8,75cbdb52-5713-4416-b0a3-b42b157acb4e,2,1500.0
12e4e4bc-709d-4493-8f1b-8565c9e9fee8,d77881cf-213c-4811-8b16-12036b0b63b5,3,2000.0
7b33d9ed-ed16-43bf-803c-c1bef6efe75e,d8e50106-8fdd-448d-9b5f-a779d69cd1da,1,6500.0
7b33d9ed-ed16-43bf-803c-c1bef6efe75e,3f6ab946-7e85-4c0b-a9f9-59a7c2f67613,1,2800.0
5f556cc5-ab98-45bb-953b-91393b3bc7aa,7c60c56c-9160-41bd-99ee-5737494ab6b4,1,4800.0
5f556cc5-ab98-45bb-953b-91393b3bc7aa,f72c9dbe-18f7-4ab8-a287-faaff2e549d7,3,2500.0
f63efd4b-e98b-4cd4-9622-9c3e2c954a83,b00ff951-8512-4ee1-8d43-710964ff4f7c,2,1200.0
f63efd4b-e98b-4cd4-9622-9c3e2c954a83,8fc00801-27ad-420c-91cf-e8aec04652b2,1,2000.0
f63efd4b-e98b-4cd4-9622-9c3e2c954a83,978a94d5-d3a9-408a-a95d-c4da7cdcafa1,1,3500.0
7e8f190c-d925-4996-b340-aa4606dd2529,54204414-198c-467c-a9dc-d23e73eb24ec,2,3000.0
166164ea-a62b-4e67-9448-3f174c989c26,e20a10d2-0be3-4ea1-9a73-f6ef7351bfbb,1,4800.0
6d85a404-51e2-4fa0-9233-c4d687f7543f,19fafff5-9a58-40cf-b91a-2e016480cd6a,1,1000.0
6d85a404-51e2-4fa0-9233-c4d687f7543f,770e0d8d-4f2a-4fb3-815a-54a29d676689,3,2500.0
6d85a404-51e2-4fa0-9233-c4d687f7543f,4145db9f-7c36-4565-ae51-e08354ab4b71,2,4800.0
6d85a404-51e2-4fa0-9233-c4d687f7543f,8bc65aa4-9e9c-4bd7-940a-9eead1b6b2b1,2,3000.0
ab529bab-58db-4038-834c-3e7fe245a756,4cbf8798-07a0-4bfc-b366-62abc97930a7,3,2800.0
ab529bab-58db-4038-834c-3e7fe245a756,b87af828-e75a-496c-83a8-4a7cbcc83211,3,3000.0
ab529bab-58db-4038-834c-3e7fe245a756,84b4c70b-0dd0-4ab1-984f-6b9f5a9ce81d,3,1000.0
ab529bab-58db-4038-834c-3e7fe245a756,5dfcbbeb-624c-4b9b-bbbd-86575739ea3b,1,1200.0
f8d667db-a090-40a5-935e-1892541eef26,399005e8-efc8-4053-808d-431e9b7c43db,1,1000.0
f8d667db-a090-40a5-935e-1892541eef26,9ce6611d-8f19-4ec2-99a8-4d10669d4d8c,3,3000.0
38fcb2c7-a678-40c7-bc46-3036dda7e902,8a2c3053-9e38-44d4-a447-630ddb0ae9d8,2,1200.0
a9d15d3d-407d-4e83-886b-2fcac67b81fa,4690607f-11f8-4ca4-8c43-0531e4161ab8,1,1200.0
a9d15d3d-407d-4e83-886b-2fcac67b81fa,060a4cc1-9f3e-46b5-a6ad-cd5bbf4e4252,2,2800.0
a9d15d3d-407d-4e83-886b-2fcac67b81fa,87828e49-df43-46c0-9748-7fb4e2d95407,3,2000.0
a9d15d3d-407d-4e83-886b-2fcac67b81fa,3bfb91ad-6d38-4aaf-871f-4aca5d481d90,3,1800.0
4c6554c4-9763-4f2a-b533-fd0498ba68c2,3bfb91ad-6d38-4aaf-871f-4aca5d481d90,3,1800.0
7c8ee9dd-013a-456f-8cb2-884d043fb04a,b3f6d25a-4622-46df-b4e9-2bdf4df2b233,3,1800.0
7c8ee9dd-013a-456f-8cb2-884d043fb04a,060a4cc1-9f3e-46b5-a6ad-cd5bbf4e4252,3,2800.0
7c8ee9dd-013a-456f-8cb2-884d043fb04a,2d9e80be-4bb9-4d60-b62f-737ed059ee36,1,3500.0
6eb1a81f-d845-4b63-be61-48bf2efb5faa,9de2163c-3f46-4d86-9755-2dd83cf6deb1,2,7500.0
ffe5cf1d-aff9-408f-9e04-bb19fcb9a301,348f8b09-3ec4-47fc-8593-121569e762b3,1,4500.0
ffe5cf1d-aff9-408f-9e04-bb19fcb9a301,b3f6d25a-4622-46df-b4e9-2bdf4df2b233,2,1800.0
bf28ef8b-0889-4c76-a0cd-b9425536426d,b00ff951-8512-4ee1-8d43-710964ff4f7c,1,1200.0
bf28ef8b-0889-4c76-a0cd-b9425536426d,1cdb2072-17dd-40a0-847c-500de0f2af4f,3,1200.0
bf28ef8b-0889-4c76-a0cd-b9425536426d,36d8b395-38e2-4ae8-8af5-63baa9e4a71e,2,1200.0
00816959-2ac3-46a9-8238-7d5e45cc3b10,ed938a74-95eb-4635-a34d-5f633c5a676e,3,2500.0
00816959-2ac3-46a9-8238-7d5e45cc3b10,70f0f8d3-6f6a-4593-8612-775c140bc4c2,1,1800.0
00816959-2ac3-46a9-8238-7d5e45cc3b10,175b9baf-2485-4ddf-9075-a395bcd6bd58,2,2000.0
00816959-2ac3-46a9-8238-7d5e45cc3b10,e20a10d2-0be3-4ea1-9a73-f6ef7351bfbb,1,4800.0
05d5774c-e01f-4798-9f78-bf22bcbc959f,ed938a74-95eb-4635-a34d-5f633c5a676e,2,2500.0
05d5774c-e01f-4798-9f78-bf22bcbc959f,0aa68333-8aa1-4b45-9e8e-f4df51efc4e2,2,1000.0
05d5774c-e01f-4798-9f78-bf22bcbc959f,fe3093e8-16f8-4fbe-bd82-4a1364cc88fb,1,1500.0
05d5774c-e01f-4798-9f78-bf22bcbc959f,70f0f8d3-6f6a-4593-8612-775c140bc4c2,3,1800.0
c2815e70-0cb3-4dae-bfca-91ed4954b8c4,6183c2d7-d1e1-40b4-bdaf-4d66849a18c9,2,2500.0
0eb6dc8f-3e6b-4c56-83c1-1fb997cf8711,f2fbc5db-24f5-4625-91ce-2bd68cfa7d55,1,7500.0
86322767-b994-430a-b094-72e667cce0d5,836c8c18-fa1b-4436-8adf-c3d48ae38b69,3,5500.0
86322767-b994-430a-b094-72e667cce0d5,ca7d6e76-3f66-4c1a-a9a7-61df767091da,2,2000.0
86322767-b994-430a-b094-72e667cce0d5,8fc00801-27ad-420c-91cf-e8aec04652b2,3,2000.0
3eed3e60-a42c-4085-b6db-796977659635,3df17fd0-1005-451f-b230-397270c49ed5,2,5500.0
c4b7b405-c17b-41f4-884d-c49bf879377d,23398d55-0048-449a-9a43-86fcd454a86e,1,4500.0
c4b7b405-c17b-41f4-884d-c49bf879377d,cd4a9090-b49f-4fc4-a461-5a48258e07c0,2,1200.0
0e654cbb-d779-4621-9594-92edd757425f,c35f5e7b-0ec2-4834-9bc9-7b3eecb27948,3,3000.0
0e654cbb-d779-4621-9594-92edd757425f,22900d32-0de7-4a48-b016-8727779042cb,1,1200.0
0e654cbb-d779-4621-9594-92edd757425f,1c557cd6-92f7-42aa-ba9f-10edab7070fd,2,1800.0
343fe131-403a-4b1d-b93b-f1f7774cd50d,d528b497-fb5e-44de-9cb4-1915a6b7e52b,3,6500.0
0fc3c6e9-3415-4937-b4d4-dbdec83f1fa3,444c9514-f3ba-47ae-9f8e-9911266de8a5,2,1500.0
f60f4eae-eda6-4351-ba3b-3dfb8baaf370,fe08c80d-9561-4277-945e-117270001115,1,6500.0
f60f4eae-eda6-4351-ba3b-3dfb8baaf370,2af61f1e-114b-408f-88f2-434ea373a39e,2,1500.0
f60f4eae-eda6-4351-ba3b-3dfb8baaf370,06d2ba12-b5b8-4095-95fd-58b4ac14468e,2,1500.0
528be35f-e6c1-4e48-ab42-ab0a3e12d751,54204414-198c-467c-a9dc-d23e73eb24ec,1,3000.0
234c7f83-67e2-4484-9f84-810c27d58c26,5dfcbbeb-624c-4b9b-bbbd-86575739ea3b,3,1200.0
ab4c09a3-4384-4c6e-a467-af396f2e34f9,c3201119-dd99-4844-8a46-a4c38f9d13a8,3,1800.0
ab4c09a3-4384-4c6e-a467-af396f2e34f9,eefc49cc-6670-4d6a-a55a-c526de0a501a,1,7500.0
ecb27ef4-0347-4bb7-9ed8-9afe8de54ba0,a58c09eb-20f9-4944-a05b-518886580bb4,1,4800.0
5f0cfcf5-781b-496a-8916-196b5aac7056,d68e4870-bc90-48da-89da-30053f7e3a87,2,2500.0
5f0cfcf5-781b-496a-8916-196b5aac7056,f2fbc5db-24f5-4625-91ce-2bd68cfa7d55,1,7500.0
5f0cfcf5-781b-496a-8916-196b5aac7056,15fb86bf-d07e-4875-b03c-9100461f0035,1,3000.0
01e1cc17-b4a0-4b19-8f25-d84a4ce97232,3f6ab946-7e85-4c0b-a9f9-59a7c2f67613,1,2800.0
ae323bed-348e-467c-929b-545b31a7efc1,1c557cd6-92f7-42aa-ba9f-10edab7070fd,2,1800.0
5a9f4506-00db-4204-8235-2dc0cfd007a5,be66e959-3f23-4474-95a2-c6760f10f136,2,2000.0
5a9f4506-00db-4204-8235-2dc0cfd007a5,7b68d732-8a9e-49fc-934e-f023542c5d08,2,1000.0
5a9f4506-00db-4204-8235-2dc0cfd007a5,c35f5e7b-0ec2-4834-9bc9-7b3eecb27948,3,3000.0
5a9f4506-00db-4204-8235-2dc0cfd007a5,a891b765-15af-46ff-a9b8-36e8ede78009,3,4500.0
159c9a34-9209-4ad0-ac49-f5b24fe1dbbe,8409b533-342b-40a1-8f2a-416c48cbe60f,3,1000.0
159c9a34-9209-4ad0-ac49-f5b24fe1dbbe,db942507-b835-40e1-bbc9-544bf3918c72,1,1200.0
6ab37fa7-c964-4d71-a9ff-e8c7335b6552,457cbafe-fff8-4dfe-ade6-d25de9c0d171,2,7500.0
6ab37fa7-c964-4d71-a9ff-e8c7335b6552,84b4c70b-0dd0-4ab1-984f-6b9f5a9ce81d,2,1000.0
6ab37fa7-c964-4d71-a9ff-e8c7335b6552,ddf4386e-35d7-4167-b64d-540773b94ca7,3,1800.0
0f225dea-ebcb-4ca0-8d24-2acba63411f8,7c60c56c-9160-41bd-99ee-5737494ab6b4,1,4800.0
0f225dea-ebcb-4ca0-8d24-2acba63411f8,d65e12eb-8720-4673-b01e-105aeeb16614,3,2500.0
0f225dea-ebcb-4ca0-8d24-2acba63411f8,1a5f00be-d7d3-4ff9-bff4-25b75a50728d,3,1500.0
6834068e-7906-46da-a6e6-8c48685db8da,15fb86bf-d07e-4875-b03c-9100461f0035,3,3000.0
6834068e-7906-46da-a6e6-8c48685db8da,fe08c80d-9561-4277-945e-117270001115,3,6500.0
ed0a8db9-3440-4d54-b5e7-9351189f880c,fe08c80d-9561-4277-945e-117270001115,1,6500.0
ed0a8db9-3440-4d54-b5e7-9351189f880c,f2fbc5db-24f5-4625-91ce-2bd68cfa7d55,2,7500.0
ed0a8db9-3440-4d54-b5e7-9351189f880c,9709fbc5-d875-4a9e-ab3b-ac32d6c30a9d,1,7500.0
ed0a8db9-3440-4d54-b5e7-9351189f880c,bc690955-769c-4400-bce2-433f560f644a,3,2500.0
b51328fe-1d7d-4d4f-af90-4d7b63da52a5,8409b533-342b-40a1-8f2a-416c48cbe60f,3,1000.0
b51328fe-1d7d-4d4f-af90-4d7b63da52a5,ec22e2f1-d875-43e4-8f64-cadf8d1902ba,2,1200.0
b51328fe-1d7d-4d4f-af90-4d7b63da52a5,29b1a0f6-6818-4046-b67b-5b8ff6853b30,3,2000.0
e515b969-cc2e-4be4-880c-e656dda0c3b5,22706fe6-a0ba-4da9-85f1-10017a521fe0,3,5500.0
e515b969-cc2e-4be4-880c-e656dda0c3b5,e93d4ec2-5545-4a4b-ab67-eec726f9854c,3,3500.0
c34794d3-7a1f-4fcb-8030-3bb99890ed01,70f0f8d3-6f6a-4593-8612-775c140bc4c2,2,1800.0
0f2070f8-a778-40c2-afdc-114496c63b6c,8a2c3053-9e38-44d4-a447-630ddb0ae9d8,2,1200.0
0f2070f8-a778-40c2-afdc-114496c63b6c,fe3093e8-16f8-4fbe-bd82-4a1364cc88fb,1,1500.0
01451383-4df1-4e94-a10e-21775bb3b511,7265e1f1-69ab-45ff-8754-aa5875951df4,1,1500.0
01451383-4df1-4e94-a10e-21775bb3b511,a58c09eb-20f9-4944-a05b-518886580bb4,1,4800.0
d972cacd-6559-4d6e-ae2f-09e78d4cc809,7931d8a6-c4ea-4f1f-bd55-45c08c88453d,1,2000.0
d972cacd-6559-4d6e-ae2f-09e78d4cc809,cd4a9090-b49f-4fc4-a461-5a48258e07c0,3,1200.0
5dccee25-8e82-44f8-b0fc-ae66989ba1c6,e3f0befc-7c78-48a8-b8f3-833a3d915662,2,1800.0
1b6d14ed-b8f2-45a3-852d-7c5cea7fe150,01c01ea1-9272-446d-aae3-faceac7f155d,3,1500.0
1b6d14ed-b8f2-45a3-852d-7c5cea7fe150,54204414-198c-467c-a9dc-d23e73eb24ec,3,3000.0
d482bcb9-0019-4295-b2f4-42898679ed35,6e0bbedb-b70b-401a-b11b-6af51616a247,2,2000.0
d482bcb9-0019-4295-b2f4-42898679ed35,e9517bed-20cc-48e1-b5b6-26e118dda0b6,3,2500.0
d482bcb9-0019-4295-b2f4-42898679ed35,455bf2f5-02e6-4dba-91ec-f6e557c31c20,3,1000.0
095dab20-4bc5-49ef-93c9-d13510a409d9,5713cb13-8571-4449-a291-13326da78f36,2,1500.0
095dab20-4bc5-49ef-93c9-d13510a409d9,3f6ab946-7e85-4c0b-a9f9-59a7c2f67613,2,2800.0
095dab20-4bc5-49ef-93c9-d13510a409d9,a3606d70-ed33-492c-871a-f7c1e055f6d8,1,1500.0
a8a10e3a-563d-42a5-a387-1a5aba5ff488,344f06b6-9ccb-4586-a522-2d1b6ed3a9ab,1,4800.0
a8a10e3a-563d-42a5-a387-1a5aba5ff488,f56f812d-23c0-4555-a288-769161002128,3,2500.0
a8a10e3a-563d-42a5-a387-1a5aba5ff488,d8e50106-8fdd-448d-9b5f-a779d69cd1da,3,6500.0
a8a10e3a-563d-42a5-a387-1a5aba5ff488,1c557cd6-92f7-42aa-ba9f-10edab7070fd,1,1800.0
8d04c42b-fc54-4a04-aaa4-e277ac6674ce,e6c6dc4b-34ba-4d40-852f-0ae71f3e9334,2,6500.0
8d04c42b-fc54-4a04-aaa4-e277ac6674ce,7d51facc-24ea-4524-ab56-8aa95b8b2546,2,7500.0
24939281-6f84-4f5d-b078-1cea21506ee2,fe3093e8-16f8-4fbe-bd82-4a1364cc88fb,3,1500.0
dd3fa73a-ff46-4696-a7af-b1b6b4b77dd0,1c557cd6-92f7-42aa-ba9f-10edab7070fd,2,1800.0
d105173f-cd3d-4032-a123-7233b6f2eb56,144fa98c-88e7-4ffa-b4ef-3d72a743ba31,1,1500.0
d105173f-cd3d-4032-a123-7233b6f2eb56,457cbafe-fff8-4dfe-ade6-d25de9c0d171,2,7500.0
d105173f-cd3d-4032-a123-7233b6f2eb56,ddf4386e-35d7-4167-b64d-540773b94ca7,1,1800.0
2665c979-b6ad-47e6-9195-4d7cfa3a87c9,0dccb6d9-aab6-477c-8081-41f2c08b1f83,2,4800.0
2665c979-b6ad-47e6-9195-4d7cfa3a87c9,4cbf8798-07a0-4bfc-b366-62abc97930a7,2,2800.0
a43793f2-7be8-44f3-a5a4-9245cb691cda,36d8b395-38e2-4ae8-8af5-63baa9e4a71e,3,1200.0
a43793f2-7be8-44f3-a5a4-9245cb691cda,458c3369-a545-485d-9a76-9216c49bdf15,2,1800.0
a43793f2-7be8-44f3-a5a4-9245cb691cda,ca7d6e76-3f66-4c1a-a9a7-61df767091da,2,2000.0
7ac82cae-c057-4097-878c-81c0dfd12314,22900d32-0de7-4a48-b016-8727779042cb,3,1200.0
7ac82cae-c057-4097-878c-81c0dfd12314,c35f5e7b-0ec2-4834-9bc9-7b3eecb27948,2,3000.0
7ac82cae-c057-4097-878c-81c0dfd12314,a891b765-15af-46ff-a9b8-36e8ede78009,2,4500.0
7a410156-6655-4a15-b3df-043ac287b53b,2b683ec7-d429-4b65-9a25-4d8e350853c5,1,5500.0
7a410156-6655-4a15-b3df-043ac287b53b,144fa98c-88e7-4ffa-b4ef-3d72a743ba31,1,1500.0
7a410156-6655-4a15-b3df-043ac287b53b,457cbafe-fff8-4dfe-ade6-d25de9c0d171,1,7500.0
8327720d-2ace-4ccd-b95d-de47b3ab3529,06d2ba12-b5b8-4095-95fd-58b4ac14468e,2,1500.0
8327720d-2ace-4ccd-b95d-de47b3ab3529,7265e1f1-69ab-45ff-8754-aa5875951df4,3,1500.0
8327720d-2ace-4ccd-b95d-de47b3ab3529,37340e03-3c2a-4dd4-ada7-ce8d18ed454f,3,1500.0
27b11fb6-6f7c-4b8e-8ba0-3aee8bf227f6,d470d5a7-9640-43b4-85a8-1b84dc3a99c9,1,1500.0
27b11fb6-6f7c-4b8e-8ba0-3aee8bf227f6,f72c9dbe-18f7-4ab8-a287-faaff2e549d7,1,2500.0
a9910d14-d26b-4f0e-af1a-08c5a6654208,cf062282-f655-45d1-ac4f-870b4a2580f7,1,7500.0
a9910d14-d26b-4f0e-af1a-08c5a6654208,175b9baf-2485-4ddf-9075-a395bcd6bd58,3,2000.0
a9910d14-d26b-4f0e-af1a-08c5a6654208,d528b497-fb5e-44de-9cb4-1915a6b7e52b,2,6500.0
a9910d14-d26b-4f0e-af1a-08c5a6654208,70f0f8d3-6f6a-4593-8612-775c140bc4c2,1,1800.0
abb40973-ccb3-4362-bee9-6fb5e27e8b12,15fb86bf-d07e-4875-b03c-9100461f0035,2,3000.0
abb40973-ccb3-4362-bee9-6fb5e27e8b12,4249baf3-2d52-4701-8f56-56d033aaab3d,1,3000.0
6c507981-33c6-4d20-9785-32a54aea2822,e6c6dc4b-34ba-4d40-852f-0ae71f3e9334,2,6500.0
6c507981-33c6-4d20-9785-32a54aea2822,f72c9dbe-18f7-4ab8-a287-faaff2e549d7,2,2500.0
6c507981-33c6-4d20-9785-32a54aea2822,bafca65a-3469-434d-a029-ad3d7a0aaa84,2,7500.0
6c507981-33c6-4d20-9785-32a54aea2822,68a3734f-3595-4ba7-9692-1651cec92820,3,1000.0
6e090215-7d89-4e5d-81a7-05916c071466,06c20ebc-c178-4215-a193-ca593c49ba1d,3,1200.0
6e090215-7d89-4e5d-81a7-05916c071466,1cdb2072-17dd-40a0-847c-500de0f2af4f,1,1200.0
6e090215-7d89-4e5d-81a7-05916c071466,8402c768-8884-4812-84e3-068073995695,2,4500.0
07144dee-c294-49ef-b67a-88a414047d52,770e0d8d-4f2a-4fb3-815a-54a29d676689,2,2500.0
07144dee-c294-49ef-b67a-88a414047d52,34e3fe5a-9db5-467c-acec-dcfcab06b124,2,1500.0
07144dee-c294-49ef-b67a-88a414047d52,19fafff5-9a58-40cf-b91a-2e016480cd6a,3,1000.0
cc4e8493-25fb-4c54-800d-2d8538358682,7d51facc-24ea-4524-ab56-8aa95b8b2546,3,7500.0
cc4e8493-25fb-4c54-800d-2d8538358682,bafca65a-3469-434d-a029-ad3d7a0aaa84,1,7500.0
e5c636cb-7ca8-46fb-90e0-f8083cf9227e,e33bd26c-af47-4746-a96d-2b234136ccb7,3,3000.0
e5c636cb-7ca8-46fb-90e0-f8083cf9227e,fe3093e8-16f8-4fbe-bd82-4a1364cc88fb,2,1500.0
e5c636cb-7ca8-46fb-90e0-f8083cf9227e,8a2c3053-9e38-44d4-a447-630ddb0ae9d8,1,1200.0
e5130d4a-87e4-4d8a-8237-e6146ec1fb2a,c35f5e7b-0ec2-4834-9bc9-7b3eecb27948,2,3000.0
e5130d4a-87e4-4d8a-8237-e6146ec1fb2a,5713cb13-8571-4449-a291-13326da78f36,1,1500.0
618e4004-3c71-47c2-a873-ba47c1cff6cd,8a2c3053-9e38-44d4-a447-630ddb0ae9d8,1,1200.0
618e4004-3c71-47c2-a873-ba47c1cff6cd,e20a10d2-0be3-4ea1-9a73-f6ef7351bfbb,1,4800.0
cf0da76a-fb4d-4933-b62f-8626bac9a322,cb55968f-b3f9-42bc-b886-4e04b8e188d2,2,1200.0
d59ac253-6790-41a0-82cc-ed8db2ecfaf4,0aa68333-8aa1-4b45-9e8e-f4df51efc4e2,2,1000.0
d59ac253-6790-41a0-82cc-ed8db2ecfaf4,8a2c3053-9e38-44d4-a447-630ddb0ae9d8,2,1200.0
d59ac253-6790-41a0-82cc-ed8db2ecfaf4,cf062282-f655-45d1-ac4f-870b4a2580f7,2,7500.0
a08485b7-4857-4413-9d06-d84d586702ef,919f696b-1d4c-4f96-8dfa-41344c6619de,3,1000.0
7c68acf3-4e43-4c96-8775-00513e2e6186,70f0f8d3-6f6a-4593-8612-775c140bc4c2,1,1800.0
7c68acf3-4e43-4c96-8775-00513e2e6186,22706fe6-a0ba-4da9-85f1-10017a521fe0,1,5500.0
7c68acf3-4e43-4c96-8775-00513e2e6186,d528b497-fb5e-44de-9cb4-1915a6b7e52b,3,6500.0
7c68acf3-4e43-4c96-8775-00513e2e6186,c9dc5cdc-7d7b-4f9f-95ef-61f516b2bc5f,2,1500.0
e40886cd-6380-4b51-9e91-5d80b9ca85d2,cf062282-f655-45d1-ac4f-870b4a2580f7,1,7500.0
e40886cd-6380-4b51-9e91-5d80b9ca85d2,fe3093e8-16f8-4fbe-bd82-4a1364cc88fb,1,1500.0
e40886cd-6380-4b51-9e91-5d80b9ca85d2,e20a10d2-0be3-4ea1-9a73-f6ef7351bfbb,1,4800.0
e40886cd-6380-4b51-9e91-5d80b9ca85d2,0aa68333-8aa1-4b45-9e8e-f4df51efc4e2,1,1000.0
d319ecf1-36bb-46e1-8e27-16472a53cb14,1c557cd6-92f7-42aa-ba9f-10edab7070fd,2,1800.0
d319ecf1-36bb-46e1-8e27-16472a53cb14,a891b765-15af-46ff-a9b8-36e8ede78009,2,4500.0
dd92d74e-2fcf-4917-bdee-c269e8efb05d,b00ff951-8512-4ee1-8d43-710964ff4f7c,3,1200.0
ff6b3e1f-652e-4197-9bca-d0de4aba9617,3bfb91ad-6d38-4aaf-871f-4aca5d481d90,3,1800.0
ff6b3e1f-652e-4197-9bca-d0de4aba9617,2d9e80be-4bb9-4d60-b62f-737ed059ee36,3,3500.0
3ee520de-19ae-4710-9f4d-68fb494ddfea,36d8b395-38e2-4ae8-8af5-63baa9e4a71e,1,1200.0
3ee520de-19ae-4710-9f4d-68fb494ddfea,1cdb2072-17dd-40a0-847c-500de0f2af4f,2,1200.0
3ee520de-19ae-4710-9f4d-68fb494ddfea,06c20ebc-c178-4215-a193-ca593c49ba1d,2,1200.0
3ee520de-19ae-4710-9f4d-68fb494ddfea,5943bd66-bbba-4a9b-ad72-a590e91e20d9,2,2800.0
b76f5f30-ad62-456a-ae0b-0d12e524f5bb,8a2c3053-9e38-44d4-a447-630ddb0ae9d8,3,1200.0
b76f5f30-ad62-456a-ae0b-0d12e524f5bb,5ea0b673-e1a5-45ec-b61e-ec2b838258a7,3,2800.0
b76f5f30-ad62-456a-ae0b-0d12e524f5bb,d528b497-fb5e-44de-9cb4-1915a6b7e52b,3,6500.0
cce7648b-cf31-4190-9afc-f7a262df9072,978a94d5-d3a9-408a-a95d-c4da7cdcafa1,3,3500.0
cce7648b-cf31-4190-9afc-f7a262df9072,e3f0befc-7c78-48a8-b8f3-833a3d915662,2,1800.0
9e41a578-b07d-4bba-a2f4-fd4e7d2b4f20,8a2c3053-9e38-44d4-a447-630ddb0ae9d8,1,1200.0
9e41a578-b07d-4bba-a2f4-fd4e7d2b4f20,c8b41ca4-42d9-4554-9412-ece665018f51,2,1200.0
65d412c5-f287-4207-9480-b4a6db785498,341649ae-5f0b-4671-87f0-464d71372265,3,7500.0
65d412c5-f287-4207-9480-b4a6db785498,6e0bbedb-b70b-401a-b11b-6af51616a247,2,2000.0
65d412c5-f287-4207-9480-b4a6db785498,2f5c38f8-dae8-46cd-aa98-174f3825e534,3,6500.0
65d412c5-f287-4207-9480-b4a6db785498,8c948af0-74c8-4aba-8b45-b0d339b393e4,1,1500.0
d689aa71-795a-4ef8-9bc4-dce950e3a336,ca7d6e76-3f66-4c1a-a9a7-61df767091da,3,2000.0
d689aa71-795a-4ef8-9bc4-dce950e3a336,06c20ebc-c178-4215-a193-ca593c49ba1d,1,1200.0
d689aa71-795a-4ef8-9bc4-dce950e3a336,836c8c18-fa1b-4436-8adf-c3d48ae38b69,3,5500.0
d689aa71-795a-4ef8-9bc4-dce950e3a336,e3f0befc-7c78-48a8-b8f3-833a3d915662,2,1800.0
f75a7583-ff4f-4326-89b0-e594f52b7ee8,8409b533-342b-40a1-8f2a-416c48cbe60f,2,1000.0
f75a7583-ff4f-4326-89b0-e594f52b7ee8,a3965127-a216-443e-b4f8-bd66cb81276b,3,2800.0
f75a7583-ff4f-4326-89b0-e594f52b7ee8,abb43f45-10fe-4e10-b97f-9a87c37f293d,2,1500.0
c578aba8-3893-4756-8a9d-2b7b7ea475ba,f9013b85-075c-488a-bb79-8efc49038219,2,1200.0
c578aba8-3893-4756-8a9d-2b7b7ea475ba,3df17fd0-1005-451f-b230-397270c49ed5,3,5500.0
c578aba8-3893-4756-8a9d-2b7b7ea475ba,348f8b09-3ec4-47fc-8593-121569e762b3,1,4500.0
f60937d1-78e4-470c-a099-09897a85c1ad,1cdb2072-17dd-40a0-847c-500de0f2af4f,3,1200.0
f60937d1-78e4-470c-a099-09897a85c1ad,836c8c18-fa1b-4436-8adf-c3d48ae38b69,3,5500.0
f60937d1-78e4-470c-a099-09897a85c1ad,8fc00801-27ad-420c-91cf-e8aec04652b2,1,2000.0
bf33bf27-8620-423f-968b-5e32c768bfd3,e3f0befc-7c78-48a8-b8f3-833a3d915662,3,1800.0
b314d48e-4114-4e55-8605-6d9659c30a35,978a94d5-d3a9-408a-a95d-c4da7cdcafa1,3,3500.0
f5cd3d0f-bae5-4725-a4a1-28d7df271428,e33bd26c-af47-4746-a96d-2b234136ccb7,1,3000.0
f5cd3d0f-bae5-4725-a4a1-28d7df271428,e20a10d2-0be3-4ea1-9a73-f6ef7351bfbb,3,4800.0
eca2a0d2-4cdb-4271-926e-4f30bca6e27b,e33bd26c-af47-4746-a96d-2b234136ccb7,1,3000.0
eca2a0d2-4cdb-4271-926e-4f30bca6e27b,175b9baf-2485-4ddf-9075-a395bcd6bd58,3,2000.0
eca2a0d2-4cdb-4271-926e-4f30bca6e27b,5ea0b673-e1a5-45ec-b61e-ec2b838258a7,1,2800.0
eca2a0d2-4cdb-4271-926e-4f30bca6e27b,c9dc5cdc-7d7b-4f9f-95ef-61f516b2bc5f,2,1500.0
bba2e467-01d1-4e7d-a5ff-a73653151837,cf062282-f655-45d1-ac4f-870b4a2580f7,2,7500.0
c4bfd394-b19f-47fb-a174-5049f49975b1,4c12e5cb-6bb0-4599-bb33-028ff50e0055,2,2800.0
c4bfd394-b19f-47fb-a174-5049f49975b1,86431ef5-5de6-4653-9342-b87e566d51c8,3,1200.0
c4bfd394-b19f-47fb-a174-5049f49975b1,341649ae-5f0b-4671-87f0-464d71372265,3,7500.0
c4bfd394-b19f-47fb-a174-5049f49975b1,2f5c38f8-dae8-46cd-aa98-174f3825e534,2,6500.0
d076fc6f-d97d-4278-91cd-1ca113c6da6a,f7725743-e57f-4b21-b629-f8372d761a47,2,4500.0
d076fc6f-d97d-4278-91cd-1ca113c6da6a,b87af828-e75a-496c-83a8-4a7cbcc83211,2,3000.0
d076fc6f-d97d-4278-91cd-1ca113c6da6a,6183c2d7-d1e1-40b4-bdaf-4d66849a18c9,3,2500.0
d0f8ccd1-521f-4627-89b4-0b370533f3a6,e6c6dc4b-34ba-4d40-852f-0ae71f3e9334,2,6500.0
d0f8ccd1-521f-4627-89b4-0b370533f3a6,6068dbef-2e18-4064-9ca0-9c09fdf5b326,1,6500.0
d0f8ccd1-521f-4627-89b4-0b370533f3a6,f72c9dbe-18f7-4ab8-a287-faaff2e549d7,1,2500.0
d0f8ccd1-521f-4627-89b4-0b370533f3a6,bafca65a-3469-434d-a029-ad3d7a0aaa84,1,7500.0
8c7d489a-a8d3-4206-97ba-25b7d83f90b7,22706fe6-a0ba-4da9-85f1-10017a521fe0,2,5500.0
8c7d489a-a8d3-4206-97ba-25b7d83f90b7,5ea0b673-e1a5-45ec-b61e-ec2b838258a7,1,2800.0
8c7d489a-a8d3-4206-97ba-25b7d83f90b7,cf062282-f655-45d1-ac4f-870b4a2580f7,1,7500.0
442fe095-614f-4726-b390-581cff5b5e51,6183c2d7-d1e1-40b4-bdaf-4d66849a18c9,1,2500.0
2d837eb3-ebc6-4894-b7b3-634314cc1637,341649ae-5f0b-4671-87f0-464d71372265,3,7500.0
2d837eb3-ebc6-4894-b7b3-634314cc1637,4c12e5cb-6bb0-4599-bb33-028ff50e0055,2,2800.0
2d837eb3-ebc6-4894-b7b3-634314cc1637,0ccf3e57-e5e5-4d6c-a3ea-7835bb453ec9,1,1200.0
4805bb92-9643-45ce-bab6-12a814a80948,22900d32-0de7-4a48-b016-8727779042cb,3,1200.0
9053dbbe-6f36-490c-9e5d-0740cd07704a,060a4cc1-9f3e-46b5-a6ad-cd5bbf4e4252,1,2800.0
9053dbbe-6f36-490c-9e5d-0740cd07704a,20fd4a1f-ecff-45c0-8921-08e7915fb8bb,1,2800.0
9053dbbe-6f36-490c-9e5d-0740cd07704a,f162296f-df74-4f08-8ddc-7450992b657c,1,3500.0
9053dbbe-6f36-490c-9e5d-0740cd07704a,e9d67588-137e-40d8-bec3-7ccd4f9464e9,3,5500.0
ab9c1089-95fd-43f3-b471-edc9841bf300,20fd4a1f-ecff-45c0-8921-08e7915fb8bb,3,2800.0
ab9c1089-95fd-43f3-b471-edc9841bf300,b3f6d25a-4622-46df-b4e9-2bdf4df2b233,2,1800.0
3df7775e-e718-4c13-b277-0c11c88a38f8,bedb6e51-4bcd-4118-af31-50856deb400d,1,6500.0
3df7775e-e718-4c13-b277-0c11c88a38f8,ca2fffcd-485e-4b99-9a3e-3ec13c5833b4,1,3500.0
3df7775e-e718-4c13-b277-0c11c88a38f8,abb43f45-10fe-4e10-b97f-9a87c37f293d,1,1500.0
3df7775e-e718-4c13-b277-0c11c88a38f8,a3965127-a216-443e-b4f8-bd66cb81276b,3,2800.0
d2b7a5ee-77d0-48f8-9c83-9f103e82054c,f7725743-e57f-4b21-b629-f8372d761a47,3,4500.0
d2b7a5ee-77d0-48f8-9c83-9f103e82054c,5dfcbbeb-624c-4b9b-bbbd-86575739ea3b,2,1200.0
63212a1a-d080-41d7-b424-6e4385b433ba,6e0bbedb-b70b-401a-b11b-6af51616a247,1,2000.0
63212a1a-d080-41d7-b424-6e4385b433ba,a15c4ba9-0507-4a34-bd6b-de3dc706e1dd,2,1800.0
63212a1a-d080-41d7-b424-6e4385b433ba,455bf2f5-02e6-4dba-91ec-f6e557c31c20,3,1000.0
e622ef16-1018-438e-9f50-b740ad3930f1,0aa68333-8aa1-4b45-9e8e-f4df51efc4e2,1,1000.0
e622ef16-1018-438e-9f50-b740ad3930f1,ed938a74-95eb-4635-a34d-5f633c5a676e,3,2500.0
e622ef16-1018-438e-9f50-b740ad3930f1,d528b497-fb5e-44de-9cb4-1915a6b7e52b,2,6500.0
e622ef16-1018-438e-9f50-b740ad3930f1,8a2c3053-9e38-44d4-a447-630ddb0ae9d8,3,1200.0
b55ff424-1748-4b4c-8036-591d747a8b81,e33bd26c-af47-4746-a96d-2b234136ccb7,3,3000.0
b55ff424-1748-4b4c-8036-591d747a8b81,8a2c3053-9e38-44d4-a447-630ddb0ae9d8,1,1200.0
b55ff424-1748-4b4c-8036-591d747a8b81,c8b41ca4-42d9-4554-9412-ece665018f51,1,1200.0
de575808-41b8-44ba-874d-17dc7d9338dd,3df17fd0-1005-451f-b230-397270c49ed5,1,5500.0
de575808-41b8-44ba-874d-17dc7d9338dd,060a4cc1-9f3e-46b5-a6ad-cd5bbf4e4252,1,2800.0
de575808-41b8-44ba-874d-17dc7d9338dd,cd4a9090-b49f-4fc4-a461-5a48258e07c0,3,1200.0
de575808-41b8-44ba-874d-17dc7d9338dd,7931d8a6-c4ea-4f1f-bd55-45c08c88453d,3,2000.0
0cfc006f-adbf-446f-92e7-70614869f004,399005e8-efc8-4053-808d-431e9b7c43db,1,1000.0
0cfc006f-adbf-446f-92e7-70614869f004,d470d5a7-9640-43b4-85a8-1b84dc3a99c9,1,1500.0
0cfc006f-adbf-446f-92e7-70614869f004,bc9e7d89-06d2-4530-918b-476dd9e81bda,3,4800.0
0cfc006f-adbf-446f-92e7-70614869f004,d65e12eb-8720-4673-b01e-105aeeb16614,1,2500.0
13214db6-1305-4597-8ff4-0a7c71af9b0b,2f5c38f8-dae8-46cd-aa98-174f3825e534,3,6500.0
13214db6-1305-4597-8ff4-0a7c71af9b0b,207e6bea-30de-4dba-857d-38c5a923a6d2,1,5500.0
13214db6-1305-4597-8ff4-0a7c71af9b0b,6e0bbedb-b70b-401a-b11b-6af51616a247,2,2000.0
13214db6-1305-4597-8ff4-0a7c71af9b0b,0ccf3e57-e5e5-4d6c-a3ea-7835bb453ec9,3,1200.0
7c2c7bf6-cf12-4bbd-af1c-d3ce78e085dc,22706fe6-a0ba-4da9-85f1-10017a521fe0,2,5500.0
7c2c7bf6-cf12-4bbd-af1c-d3ce78e085dc,8a2c3053-9e38-44d4-a447-630ddb0ae9d8,1,1200.0
7c2c7bf6-cf12-4bbd-af1c-d3ce78e085dc,d528b497-fb5e-44de-9cb4-1915a6b7e52b,2,6500.0
7c2c7bf6-cf12-4bbd-af1c-d3ce78e085dc,0aa68333-8aa1-4b45-9e8e-f4df51efc4e2,3,1000.0
e446430e-149e-4c25-99e8-106163b3e762,458c3369-a545-485d-9a76-9216c49bdf15,1,1800.0
a5f9334c-2d19-48c1-8a9d-10bd33e94c4b,37340e03-3c2a-4dd4-ada7-ce8d18ed454f,3,1500.0
a5f9334c-2d19-48c1-8a9d-10bd33e94c4b,7265e1f1-69ab-45ff-8754-aa5875951df4,3,1500.0
a5f9334c-2d19-48c1-8a9d-10bd33e94c4b,919f696b-1d4c-4f96-8dfa-41344c6619de,2,1000.0
acd7f403-53f0-46ea-9971-b7fa7c4e622a,4145db9f-7c36-4565-ae51-e08354ab4b71,3,4800.0
812843ef-cec5-4286-837d-0242e80df28c,4145db9f-7c36-4565-ae51-e08354ab4b71,2,4800.0
812843ef-cec5-4286-837d-0242e80df28c,0cc5afc3-f1f0-44fd-a7ee-b150d3562a58,1,1500.0
fb7d8e3f-a3ad-44f2-aef9-9a5d80d62713,06c20ebc-c178-4215-a193-ca593c49ba1d,1,1200.0
fb7d8e3f-a3ad-44f2-aef9-9a5d80d62713,034afac9-d400-420d-9ef4-dada0aa78179,3,4500.0
fb7d8e3f-a3ad-44f2-aef9-9a5d80d62713,dff7fc36-93b8-46ad-be02-0cfd8e16321c,2,5500.0
fb7d8e3f-a3ad-44f2-aef9-9a5d80d62713,5943bd66-bbba-4a9b-ad72-a590e91e20d9,3,2800.0
9ab862c5-d89e-4071-911b-e3acc8e6a33d,7c60c56c-9160-41bd-99ee-5737494ab6b4,1,4800.0
a8f103ca-3845-45cc-a034-c321a67fad46,fe3093e8-16f8-4fbe-bd82-4a1364cc88fb,2,1500.0
a8f103ca-3845-45cc-a034-c321a67fad46,cf062282-f655-45d1-ac4f-870b4a2580f7,3,7500.0
615ea75a-f0a1-4dad-8ceb-6681c731a4a9,22900d32-0de7-4a48-b016-8727779042cb,2,1200.0
615ea75a-f0a1-4dad-8ceb-6681c731a4a9,7b68d732-8a9e-49fc-934e-f023542c5d08,1,1000.0
c57c3848-532f-405e-9911-556e54657959,2f5c38f8-dae8-46cd-aa98-174f3825e534,2,6500.0
c57c3848-532f-405e-9911-556e54657959,207e6bea-30de-4dba-857d-38c5a923a6d2,1,5500.0
c57c3848-532f-405e-9911-556e54657959,e82d9954-23ea-4ec4-b9a4-5be78fbef0d2,1,4800.0
c57c3848-532f-405e-9911-556e54657959,8fec0457-fcf4-416c-9181-050aa4c77f2f,2,3500.0
2e04e14a-e726-4b3a-a784-763f779b8a14,8fc00801-27ad-420c-91cf-e8aec04652b2,3,2000.0
a08b235c-5374-493d-8bd8-152cfbf3516a,75bbf6cf-8e7f-4b0e-a3ea-0b4c4f106691,1,3000.0
a08b235c-5374-493d-8bd8-152cfbf3516a,4145db9f-7c36-4565-ae51-e08354ab4b71,2,4800.0
a08b235c-5374-493d-8bd8-152cfbf3516a,444c9514-f3ba-47ae-9f8e-9911266de8a5,2,1500.0
6425d788-91fe-472b-9620-179342ba9a18,603cc7e5-5828-4d62-aaed-581ace203f5f,3,4500.0
6425d788-91fe-472b-9620-179342ba9a18,c3201119-dd99-4844-8a46-a4c38f9d13a8,2,1800.0
6425d788-91fe-472b-9620-179342ba9a18,eefc49cc-6670-4d6a-a55a-c526de0a501a,1,7500.0
e65409bb-4e71-4424-a203-60c323898c5a,034afac9-d400-420d-9ef4-dada0aa78179,3,4500.0
e65409bb-4e71-4424-a203-60c323898c5a,1cdb2072-17dd-40a0-847c-500de0f2af4f,2,1200.0
e2f54070-42b5-4e5c-b09c-28d472730e36,be66e959-3f23-4474-95a2-c6760f10f136,1,2000.0
e2f54070-42b5-4e5c-b09c-28d472730e36,22900d32-0de7-4a48-b016-8727779042cb,1,1200.0
b5c644f0-42e8-4a3e-97e8-ca214c09a3c7,68a3734f-3595-4ba7-9692-1651cec92820,2,1000.0
d9bd3dc9-e7e7-479f-96a7-d1abcd826df2,65e0693f-c909-466d-92c2-df24f685d8dd,2,3500.0
d9bd3dc9-e7e7-479f-96a7-d1abcd826df2,144fa98c-88e7-4ffa-b4ef-3d72a743ba31,2,1500.0
d9bd3dc9-e7e7-479f-96a7-d1abcd826df2,bd28b3cc-7936-4612-9616-541376706c2a,1,6500.0
d9bd3dc9-e7e7-479f-96a7-d1abcd826df2,0dccb6d9-aab6-477c-8081-41f2c08b1f83,1,4800.0
a74502c0-227a-497a-b3db-e7919118cc02,8fec0457-fcf4-416c-9181-050aa4c77f2f,3,3500.0
a74502c0-227a-497a-b3db-e7919118cc02,455bf2f5-02e6-4dba-91ec-f6e557c31c20,3,1000.0
0973c24f-dbf1-4995-9936-db89040ec4b7,87828e49-df43-46c0-9748-7fb4e2d95407,2,2000.0
6118a0c5-ae15-42b2-aa01-8b035a37284a,19fafff5-9a58-40cf-b91a-2e016480cd6a,1,1000.0
6118a0c5-ae15-42b2-aa01-8b035a37284a,aee9f5c4-c3dd-4b3e-a704-91c4e1876d14,3,2500.0
cd57721b-a035-45dc-9457-a6f8c1091e79,5dfcbbeb-624c-4b9b-bbbd-86575739ea3b,1,1200.0
cd57721b-a035-45dc-9457-a6f8c1091e79,0bee418d-b7e5-4c9a-9642-cc059eb428a9,1,1200.0
cd57721b-a035-45dc-9457-a6f8c1091e79,65e0693f-c909-466d-92c2-df24f685d8dd,2,3500.0
cd57721b-a035-45dc-9457-a6f8c1091e79,144fa98c-88e7-4ffa-b4ef-3d72a743ba31,1,1500.0
8b8ad099-fcf7-4a48-a39d-ca5c62d184ed,2af61f1e-114b-408f-88f2-434ea373a39e,1,1500.0
8b8ad099-fcf7-4a48-a39d-ca5c62d184ed,7265e1f1-69ab-45ff-8754-aa5875951df4,1,1500.0
194ad875-aa75-4886-82b0-4713b7d00127,5943bd66-bbba-4a9b-ad72-a590e91e20d9,1,2800.0
194ad875-aa75-4886-82b0-4713b7d00127,1cdb2072-17dd-40a0-847c-500de0f2af4f,3,1200.0
850c39d4-ac75-4419-870c-f8deddf141d9,455bf2f5-02e6-4dba-91ec-f6e557c31c20,2,1000.0
9b62f845-68b5-4357-89fe-1c3533666b00,7d51facc-24ea-4524-ab56-8aa95b8b2546,3,7500.0
9b62f845-68b5-4357-89fe-1c3533666b00,6068dbef-2e18-4064-9ca0-9c09fdf5b326,2,6500.0
9b62f845-68b5-4357-89fe-1c3533666b00,399005e8-efc8-4053-808d-431e9b7c43db,3,1000.0
9b62f845-68b5-4357-89fe-1c3533666b00,1a5f00be-d7d3-4ff9-bff4-25b75a50728d,3,1500.0
e3618115-6c60-4512-8962-63e197ca5c06,0dccb6d9-aab6-477c-8081-41f2c08b1f83,1,4800.0
e3618115-6c60-4512-8962-63e197ca5c06,ddf4386e-35d7-4167-b64d-540773b94ca7,3,1800.0
e3618115-6c60-4512-8962-63e197ca5c06,144fa98c-88e7-4ffa-b4ef-3d72a743ba31,3,1500.0
e3618115-6c60-4512-8962-63e197ca5c06,5dfcbbeb-624c-4b9b-bbbd-86575739ea3b,2,1200.0
aaad73d6-f71b-41e2-9907-c75935627afe,d8e50106-8fdd-448d-9b5f-a779d69cd1da,1,6500.0
aaad73d6-f71b-41e2-9907-c75935627afe,f56f812d-23c0-4555-a288-769161002128,2,2500.0
ba53c902-0f05-4391-814a-7fa1c23d7b33,c8b41ca4-42d9-4554-9412-ece665018f51,3,1200.0
31430dc5-4c51-4412-a912-e36a0bb8cab0,87828e49-df43-46c0-9748-7fb4e2d95407,2,2000.0
31430dc5-4c51-4412-a912-e36a0bb8cab0,cd4a9090-b49f-4fc4-a461-5a48258e07c0,2,1200.0
55674784-4b6a-44ff-b7c3-d7b803930177,bc9e7d89-06d2-4530-918b-476dd9e81bda,3,4800.0
55ee59ff-8bf5-4358-b902-37cd46217085,d65e12eb-8720-4673-b01e-105aeeb16614,2,2500.0
55ee59ff-8bf5-4358-b902-37cd46217085,7d51facc-24ea-4524-ab56-8aa95b8b2546,1,7500.0
55ee59ff-8bf5-4358-b902-37cd46217085,bafca65a-3469-434d-a029-ad3d7a0aaa84,1,7500.0
55ee59ff-8bf5-4358-b902-37cd46217085,399005e8-efc8-4053-808d-431e9b7c43db,2,1000.0
057694f7-b92e-41b0-a25a-e075488cbbe8,ed938a74-95eb-4635-a34d-5f633c5a676e,2,2500.0
057694f7-b92e-41b0-a25a-e075488cbbe8,8a2c3053-9e38-44d4-a447-630ddb0ae9d8,1,1200.0
057694f7-b92e-41b0-a25a-e075488cbbe8,e33bd26c-af47-4746-a96d-2b234136ccb7,3,3000.0
af814fbd-957c-4842-a08c-381814acd1d2,19fafff5-9a58-40cf-b91a-2e016480cd6a,1,1000.0
34239861-16ca-4235-894b-4f62e2545259,19fafff5-9a58-40cf-b91a-2e016480cd6a,3,1000.0
34239861-16ca-4235-894b-4f62e2545259,9de2163c-3f46-4d86-9755-2dd83cf6deb1,3,7500.0
1144cb3e-b483-4e2f-a963-c0e687413c08,e33bd26c-af47-4746-a96d-2b234136ccb7,1,3000.0
525bb02c-2f9e-450b-8079-d7c9e552d9b6,d77881cf-213c-4811-8b16-12036b0b63b5,2,2000.0
525bb02c-2f9e-450b-8079-d7c9e552d9b6,6183c2d7-d1e1-40b4-bdaf-4d66849a18c9,3,2500.0
525bb02c-2f9e-450b-8079-d7c9e552d9b6,b87af828-e75a-496c-83a8-4a7cbcc83211,3,3000.0
525bb02c-2f9e-450b-8079-d7c9e552d9b6,0dccb6d9-aab6-477c-8081-41f2c08b1f83,3,4800.0
4f2b31c8-72e4-4ce3-8756-dabc555f0590,86431ef5-5de6-4653-9342-b87e566d51c8,1,1200.0
4f2b31c8-72e4-4ce3-8756-dabc555f0590,6e0bbedb-b70b-401a-b11b-6af51616a247,3,2000.0
4f2b31c8-72e4-4ce3-8756-dabc555f0590,8c948af0-74c8-4aba-8b45-b0d339b393e4,3,1500.0
131abe5e-0c79-49ce-96fd-2cea03d429c2,20fd4a1f-ecff-45c0-8921-08e7915fb8bb,1,2800.0
131abe5e-0c79-49ce-96fd-2cea03d429c2,e9d67588-137e-40d8-bec3-7ccd4f9464e9,2,5500.0
131abe5e-0c79-49ce-96fd-2cea03d429c2,7931d8a6-c4ea-4f1f-bd55-45c08c88453d,2,2000.0
a699a82e-1c29-4092-9ea1-3ec741f84fd3,4145db9f-7c36-4565-ae51-e08354ab4b71,2,4800.0
a699a82e-1c29-4092-9ea1-3ec741f84fd3,9de2163c-3f46-4d86-9755-2dd83cf6deb1,2,7500.0
a699a82e-1c29-4092-9ea1-3ec741f84fd3,770e0d8d-4f2a-4fb3-815a-54a29d676689,3,2500.0
628c5daa-ebda-4298-8eac-ae5d190f3868,6e0bbedb-b70b-401a-b11b-6af51616a247,1,2000.0
c7f19210-8702-421a-883c-4335344a41fd,e6c6dc4b-34ba-4d40-852f-0ae71f3e9334,2,6500.0
c7f19210-8702-421a-883c-4335344a41fd,bafca65a-3469-434d-a029-ad3d7a0aaa84,3,7500.0
43aec499-1333-4b47-97d7-701d10d8f317,9de2163c-3f46-4d86-9755-2dd83cf6deb1,1,7500.0
43aec499-1333-4b47-97d7-701d10d8f317,75bbf6cf-8e7f-4b0e-a3ea-0b4c4f106691,2,3000.0
f2b07a55-a3c5-416d-9d84-9631c3db21dd,a57bd247-8ea2-4a3a-a421-261e59f1fa8d,2,3000.0
aa6d0685-b716-4d08-9af8-a0c4128b50ec,be66e959-3f23-4474-95a2-c6760f10f136,1,2000.0
aa6d0685-b716-4d08-9af8-a0c4128b50ec,a891b765-15af-46ff-a9b8-36e8ede78009,1,4500.0
9f36976b-711c-4826-ac7a-26cfd83b5d36,060a4cc1-9f3e-46b5-a6ad-cd5bbf4e4252,3,2800.0
9f36976b-711c-4826-ac7a-26cfd83b5d36,7931d8a6-c4ea-4f1f-bd55-45c08c88453d,1,2000.0
9f36976b-711c-4826-ac7a-26cfd83b5d36,f162296f-df74-4f08-8ddc-7450992b657c,1,3500.0
cf922232-1480-4825-91e2-bb2294ee140a,144fa98c-88e7-4ffa-b4ef-3d72a743ba31,1,1500.0
cf922232-1480-4825-91e2-bb2294ee140a,0dccb6d9-aab6-477c-8081-41f2c08b1f83,3,4800.0
27a2aa71-2758-4f8b-b382-59c1e128cdac,8a7e16e4-5d15-43cf-8fbb-e66d97ae5011,2,1500.0
c8887a27-ca81-47f0-ade0-649b6da7b211,4cbf8798-07a0-4bfc-b366-62abc97930a7,1,2800.0
1e16fb23-7a54-497b-991d-fbc3559c8134,8fec0457-fcf4-416c-9181-050aa4c77f2f,2,3500.0
1e16fb23-7a54-497b-991d-fbc3559c8134,e9517bed-20cc-48e1-b5b6-26e118dda0b6,2,2500.0
1e16fb23-7a54-497b-991d-fbc3559c8134,6e0bbedb-b70b-401a-b11b-6af51616a247,1,2000.0
61246bd4-39ae-4fef-b493-ddbbc930e30b,f72c9dbe-18f7-4ab8-a287-faaff2e549d7,3,2500.0
61246bd4-39ae-4fef-b493-ddbbc930e30b,d470d5a7-9640-43b4-85a8-1b84dc3a99c9,3,1500.0
61246bd4-39ae-4fef-b493-ddbbc930e30b,e6c6dc4b-34ba-4d40-852f-0ae71f3e9334,1,6500.0
61246bd4-39ae-4fef-b493-ddbbc930e30b,bafca65a-3469-434d-a029-ad3d7a0aaa84,1,7500.0
20ebad24-6022-45b3-8efc-a12508a75053,060a4cc1-9f3e-46b5-a6ad-cd5bbf4e4252,2,2800.0
20ebad24-6022-45b3-8efc-a12508a75053,f162296f-df74-4f08-8ddc-7450992b657c,3,3500.0
20c1fd3b-464e-465e-9b71-7ce2ed193a11,3bfb91ad-6d38-4aaf-871f-4aca5d481d90,1,1800.0
20c1fd3b-464e-465e-9b71-7ce2ed193a11,4690607f-11f8-4ca4-8c43-0531e4161ab8,2,1200.0
20c1fd3b-464e-465e-9b71-7ce2ed193a11,cd4a9090-b49f-4fc4-a461-5a48258e07c0,2,1200.0
11bd2776-641b-4b6d-bb9d-9d4d53d92e8e,348f8b09-3ec4-47fc-8593-121569e762b3,2,4500.0
0163bafc-6a89-4b30-9213-4dcc502b39ca,978a94d5-d3a9-408a-a95d-c4da7cdcafa1,1,3500.0
0163bafc-6a89-4b30-9213-4dcc502b39ca,5943bd66-bbba-4a9b-ad72-a590e91e20d9,1,2800.0
0163bafc-6a89-4b30-9213-4dcc502b39ca,ca7d6e76-3f66-4c1a-a9a7-61df767091da,3,2000.0
0163bafc-6a89-4b30-9213-4dcc502b39ca,45901d75-e120-4a33-af2a-118d3c4b3e72,1,3500.0
f6e90154-35c3-4eaa-ae2f-a8dafd3703c2,2d9e80be-4bb9-4d60-b62f-737ed059ee36,1,3500.0
3e6bf305-c691-4f4a-8527-487aea34ecad,e82d9954-23ea-4ec4-b9a4-5be78fbef0d2,1,4800.0
3e6bf305-c691-4f4a-8527-487aea34ecad,207e6bea-30de-4dba-857d-38c5a923a6d2,1,5500.0
00b297c7-f0b3-4388-b443-a3bbd241ea1b,01c01ea1-9272-446d-aae3-faceac7f155d,3,1500.0
00b297c7-f0b3-4388-b443-a3bbd241ea1b,455bf2f5-02e6-4dba-91ec-f6e557c31c20,1,1000.0
649b2709-8702-4d84-98f5-4dd1a4864cea,3df17fd0-1005-451f-b230-397270c49ed5,2,5500.0
649b2709-8702-4d84-98f5-4dd1a4864cea,b3f6d25a-4622-46df-b4e9-2bdf4df2b233,3,1800.0
649b2709-8702-4d84-98f5-4dd1a4864cea,cd30c7ac-ef7b-4e6e-8e2f-2fafca89622d,3,1200.0
b520d0c0-ce5c-499a-827f-ebcc8c7d4682,c4d794cc-7b7f-45a2-9f1b-c72024d2c7b5,1,4500.0
b520d0c0-ce5c-499a-827f-ebcc8c7d4682,8c948af0-74c8-4aba-8b45-b0d339b393e4,2,1500.0
b520d0c0-ce5c-499a-827f-ebcc8c7d4682,e82d9954-23ea-4ec4-b9a4-5be78fbef0d2,2,4800.0
b520d0c0-ce5c-499a-827f-ebcc8c7d4682,e9517bed-20cc-48e1-b5b6-26e118dda0b6,1,2500.0
eae26d93-d202-47c5-b8c5-5c152aab1f77,fe08c80d-9561-4277-945e-117270001115,2,6500.0
eae26d93-d202-47c5-b8c5-5c152aab1f77,2f8ac4a5-52fc-46b9-85c9-32a3d95aad31,3,1000.0
eae26d93-d202-47c5-b8c5-5c152aab1f77,7265e1f1-69ab-45ff-8754-aa5875951df4,1,1500.0
1475520e-5ee9-4bda-9e41-59742fcfaffd,cd30c7ac-ef7b-4e6e-8e2f-2fafca89622d,3,1200.0
1475520e-5ee9-4bda-9e41-59742fcfaffd,b3f6d25a-4622-46df-b4e9-2bdf4df2b233,1,1800.0
1475520e-5ee9-4bda-9e41-59742fcfaffd,e9d67588-137e-40d8-bec3-7ccd4f9464e9,2,5500.0
2b396ff9-5cd8-442e-9386-a5677a8d55d1,5dfcbbeb-624c-4b9b-bbbd-86575739ea3b,2,1200.0
2b396ff9-5cd8-442e-9386-a5677a8d55d1,144fa98c-88e7-4ffa-b4ef-3d72a743ba31,1,1500.0
2b396ff9-5cd8-442e-9386-a5677a8d55d1,d77881cf-213c-4811-8b16-12036b0b63b5,3,2000.0
65474ecb-a210-4b29-bf3d-0e4143fe4d79,0bee418d-b7e5-4c9a-9642-cc059eb428a9,2,1200.0
dd409947-f37e-42ed-8114-452630bcc9fb,2f8ac4a5-52fc-46b9-85c9-32a3d95aad31,3,1000.0
dd409947-f37e-42ed-8114-452630bcc9fb,2af61f1e-114b-408f-88f2-434ea373a39e,1,1500.0
dd409947-f37e-42ed-8114-452630bcc9fb,9709fbc5-d875-4a9e-ab3b-ac32d6c30a9d,1,7500.0
97607071-4b16-4160-acb6-77e28b382c13,20fd4a1f-ecff-45c0-8921-08e7915fb8bb,3,2800.0
97607071-4b16-4160-acb6-77e28b382c13,4690607f-11f8-4ca4-8c43-0531e4161ab8,3,1200.0
97607071-4b16-4160-acb6-77e28b382c13,3df17fd0-1005-451f-b230-397270c49ed5,3,5500.0
97607071-4b16-4160-acb6-77e28b382c13,3bfb91ad-6d38-4aaf-871f-4aca5d481d90,1,1800.0
b3e6c01f-f2fd-4211-89e6-a7ea088bc9db,e82d9954-23ea-4ec4-b9a4-5be78fbef0d2,3,4800.0
b3e6c01f-f2fd-4211-89e6-a7ea088bc9db,4c12e5cb-6bb0-4599-bb33-028ff50e0055,2,2800.0
b3e6c01f-f2fd-4211-89e6-a7ea088bc9db,8fec0457-fcf4-416c-9181-050aa4c77f2f,1,3500.0
99c683e7-8b73-4224-974b-7b935ff3bd0f,6068dbef-2e18-4064-9ca0-9c09fdf5b326,3,6500.0
99c683e7-8b73-4224-974b-7b935ff3bd0f,f79217ee-b1e6-41a5-846c-991c27e25a60,2,1500.0
99c683e7-8b73-4224-974b-7b935ff3bd0f,d728142a-d47a-4cde-82cf-b1c2b3c01bd0,3,3000.0
99c683e7-8b73-4224-974b-7b935ff3bd0f,f72c9dbe-18f7-4ab8-a287-faaff2e549d7,2,2500.0
dbcdc983-0788-43c4-9982-7bb295a64029,5dfcbbeb-624c-4b9b-bbbd-86575739ea3b,2,1200.0
dbcdc983-0788-43c4-9982-7bb295a64029,bd28b3cc-7936-4612-9616-541376706c2a,2,6500.0
412d8c36-16e0-459e-8dec-99459940c8eb,84b4c70b-0dd0-4ab1-984f-6b9f5a9ce81d,2,1000.0
412d8c36-16e0-459e-8dec-99459940c8eb,144fa98c-88e7-4ffa-b4ef-3d72a743ba31,1,1500.0
13a4af84-e0ee-4f50-a17c-c3153b2c9080,2f8ac4a5-52fc-46b9-85c9-32a3d95aad31,1,1000.0
13a4af84-e0ee-4f50-a17c-c3153b2c9080,f2fbc5db-24f5-4625-91ce-2bd68cfa7d55,1,7500.0
13a4af84-e0ee-4f50-a17c-c3153b2c9080,fe08c80d-9561-4277-945e-117270001115,1,6500.0
13a4af84-e0ee-4f50-a17c-c3153b2c9080,919f696b-1d4c-4f96-8dfa-41344c6619de,2,1000.0
7e8083da-a2c9-4087-8382-0d8612340b77,4690607f-11f8-4ca4-8c43-0531e4161ab8,3,1200.0
e86e1462-c189-4f36-8b03-77eb5659fa34,cd4a9090-b49f-4fc4-a461-5a48258e07c0,1,1200.0
e86e1462-c189-4f36-8b03-77eb5659fa34,2d9e80be-4bb9-4d60-b62f-737ed059ee36,1,3500.0
235fca86-6821-4ff0-a9e0-f6e91e011288,cd4a9090-b49f-4fc4-a461-5a48258e07c0,1,1200.0
235fca86-6821-4ff0-a9e0-f6e91e011288,20fd4a1f-ecff-45c0-8921-08e7915fb8bb,1,2800.0
8790ee26-4296-45c3-973f-081562ff66fc,be66e959-3f23-4474-95a2-c6760f10f136,1,2000.0
8790ee26-4296-45c3-973f-081562ff66fc,1c557cd6-92f7-42aa-ba9f-10edab7070fd,2,1800.0
8790ee26-4296-45c3-973f-081562ff66fc,a3606d70-ed33-492c-871a-f7c1e055f6d8,3,1500.0
8790ee26-4296-45c3-973f-081562ff66fc,63e42117-5381-4f96-820a-5ab787e8e1b0,1,5500.0
a7127d29-195b-47ea-b231-2a7b3e76a9ac,836c8c18-fa1b-4436-8adf-c3d48ae38b69,1,5500.0
a7127d29-195b-47ea-b231-2a7b3e76a9ac,06c20ebc-c178-4215-a193-ca593c49ba1d,1,1200.0
a4596390-88ea-41db-83bf-187927df6cf9,ca2fffcd-485e-4b99-9a3e-3ec13c5833b4,3,3500.0
a4596390-88ea-41db-83bf-187927df6cf9,bedb6e51-4bcd-4118-af31-50856deb400d,2,6500.0
191973d1-3925-41c2-8eab-723d89140a2d,7c60c56c-9160-41bd-99ee-5737494ab6b4,2,4800.0
0acd5baa-f6e6-4856-8041-2604e1fe459a,c8b41ca4-42d9-4554-9412-ece665018f51,3,1200.0
b67ace6b-2546-4cf6-b183-3443b9502516,39c8c190-387d-4b26-bdf5-46b1f3aabd10,2,1500.0
b67ace6b-2546-4cf6-b183-3443b9502516,68a3734f-3595-4ba7-9692-1651cec92820,3,1000.0
01dc4587-516b-4e4c-9bb8-2287a10900eb,cd30c7ac-ef7b-4e6e-8e2f-2fafca89622d,2,1200.0
f22c588d-cbe5-429f-acb6-360095fd3f67,7d51facc-24ea-4524-ab56-8aa95b8b2546,1,7500.0
f22c588d-cbe5-429f-acb6-360095fd3f67,bafca65a-3469-434d-a029-ad3d7a0aaa84,3,7500.0
f22c588d-cbe5-429f-acb6-360095fd3f67,d728142a-d47a-4cde-82cf-b1c2b3c01bd0,2,3000.0
7d2eb715-0de6-40be-acdf-8fd6f68609ab,f7725743-e57f-4b21-b629-f8372d761a47,3,4500.0
7d2eb715-0de6-40be-acdf-8fd6f68609ab,bd28b3cc-7936-4612-9616-541376706c2a,1,6500.0
e87a5d76-f7e1-4fa7-a3fe-a97ff5cdbaa5,4145db9f-7c36-4565-ae51-e08354ab4b71,2,4800.0
e87a5d76-f7e1-4fa7-a3fe-a97ff5cdbaa5,8bc65aa4-9e9c-4bd7-940a-9eead1b6b2b1,2,3000.0
e87a5d76-f7e1-4fa7-a3fe-a97ff5cdbaa5,19fafff5-9a58-40cf-b91a-2e016480cd6a,1,1000.0
f9b5f4ac-ff28-4886-add3-e31e8f35388f,f79217ee-b1e6-41a5-846c-991c27e25a60,3,1500.0
209b5082-4c5d-414a-a03e-a6297a6ec846,c8b41ca4-42d9-4554-9412-ece665018f51,2,1200.0
209b5082-4c5d-414a-a03e-a6297a6ec846,175b9baf-2485-4ddf-9075-a395bcd6bd58,2,2000.0
209b5082-4c5d-414a-a03e-a6297a6ec846,e33bd26c-af47-4746-a96d-2b234136ccb7,3,3000.0
03364bc2-29c1-4294-9c85-2ae8a6795430,c35f5e7b-0ec2-4834-9bc9-7b3eecb27948,2,3000.0
f9205f7c-0dcd-4745-93d3-6e96bf67fb10,7c60c56c-9160-41bd-99ee-5737494ab6b4,1,4800.0
58f52c24-d21e-41a1-94ae-020c5cc75bb3,86431ef5-5de6-4653-9342-b87e566d51c8,3,1200.0
2708c3dc-f2c2-4831-8677-f7f85cc19858,207e6bea-30de-4dba-857d-38c5a923a6d2,1,5500.0
2708c3dc-f2c2-4831-8677-f7f85cc19858,54204414-198c-467c-a9dc-d23e73eb24ec,2,3000.0
2a4f2df5-3e7b-43bc-b978-9323dc765034,a15c4ba9-0507-4a34-bd6b-de3dc706e1dd,2,1800.0
2a4f2df5-3e7b-43bc-b978-9323dc765034,341649ae-5f0b-4671-87f0-464d71372265,2,7500.0
2a4f2df5-3e7b-43bc-b978-9323dc765034,c4d794cc-7b7f-45a2-9f1b-c72024d2c7b5,1,4500.0
71b53b0c-fd2b-4c16-8e18-8edd18a9c86c,ed938a74-95eb-4635-a34d-5f633c5a676e,3,2500.0
c11ae672-815f-4dfd-a451-ac3f7d8ec2ef,f72c9dbe-18f7-4ab8-a287-faaff2e549d7,3,2500.0
c11ae672-815f-4dfd-a451-ac3f7d8ec2ef,68a3734f-3595-4ba7-9692-1651cec92820,1,1000.0
c11ae672-815f-4dfd-a451-ac3f7d8ec2ef,bafca65a-3469-434d-a029-ad3d7a0aaa84,3,7500.0
c11ae672-815f-4dfd-a451-ac3f7d8ec2ef,39c8c190-387d-4b26-bdf5-46b1f3aabd10,1,1500.0
e178c60b-a06b-41ce-bdd5-9bb047cdd4f5,f2fbc5db-24f5-4625-91ce-2bd68cfa7d55,1,7500.0
e178c60b-a06b-41ce-bdd5-9bb047cdd4f5,15fb86bf-d07e-4875-b03c-9100461f0035,1,3000.0
e178c60b-a06b-41ce-bdd5-9bb047cdd4f5,37340e03-3c2a-4dd4-ada7-ce8d18ed454f,2,1500.0
e178c60b-a06b-41ce-bdd5-9bb047cdd4f5,2af61f1e-114b-408f-88f2-434ea373a39e,1,1500.0
d9adcf14-2efc-471a-b7ae-dd24a27b6fbc,0a705b56-913a-451a-879c-7a062ba7564d,1,7500.0
d9adcf14-2efc-471a-b7ae-dd24a27b6fbc,75bbf6cf-8e7f-4b0e-a3ea-0b4c4f106691,1,3000.0
10935eec-8bb8-4a86-8f9f-115b300dbb95,c3201119-dd99-4844-8a46-a4c38f9d13a8,1,1800.0
10935eec-8bb8-4a86-8f9f-115b300dbb95,a57bd247-8ea2-4a3a-a421-261e59f1fa8d,1,3000.0
20c10123-cb49-4cf0-adff-0c78f56f932d,06d2ba12-b5b8-4095-95fd-58b4ac14468e,2,1500.0
dfce8b00-c72b-4e7f-a2ff-11cd553b9e5f,fe3093e8-16f8-4fbe-bd82-4a1364cc88fb,2,1500.0
de521138-0fe6-4805-a9c9-2460f4201c7b,dff7fc36-93b8-46ad-be02-0cfd8e16321c,1,5500.0
de521138-0fe6-4805-a9c9-2460f4201c7b,ca7d6e76-3f66-4c1a-a9a7-61df767091da,3,2000.0
de521138-0fe6-4805-a9c9-2460f4201c7b,11807cb7-d13f-4636-a5e4-fdbbb168cb00,3,2800.0
de521138-0fe6-4805-a9c9-2460f4201c7b,8fc00801-27ad-420c-91cf-e8aec04652b2,1,2000.0
3f68fbe3-8008-4c66-a608-83c9dadb7626,2b683ec7-d429-4b65-9a25-4d8e350853c5,3,5500.0
3f68fbe3-8008-4c66-a608-83c9dadb7626,f7725743-e57f-4b21-b629-f8372d761a47,3,4500.0
69d9ce5a-07be-4649-b382-8dbdba5d52dd,8bc65aa4-9e9c-4bd7-940a-9eead1b6b2b1,1,3000.0
d93a717b-d979-497b-aebc-450f074103d8,e3f0befc-7c78-48a8-b8f3-833a3d915662,1,1800.0
66c73754-6d94-41f6-bd69-84480d1a8411,36d8b395-38e2-4ae8-8af5-63baa9e4a71e,3,1200.0
66c73754-6d94-41f6-bd69-84480d1a8411,458c3369-a545-485d-9a76-9216c49bdf15,1,1800.0
cb11afb9-dbef-49f1-ac99-e391c3aad813,457cbafe-fff8-4dfe-ade6-d25de9c0d171,1,7500.0
cb11afb9-dbef-49f1-ac99-e391c3aad813,ddf4386e-35d7-4167-b64d-540773b94ca7,2,1800.0
cb11afb9-dbef-49f1-ac99-e391c3aad813,d77881cf-213c-4811-8b16-12036b0b63b5,1,2000.0
7cabb367-80f5-46e5-99b0-23afa2d98d8b,348f8b09-3ec4-47fc-8593-121569e762b3,2,4500.0
7cabb367-80f5-46e5-99b0-23afa2d98d8b,20fd4a1f-ecff-45c0-8921-08e7915fb8bb,1,2800.0
99c7fdd5-0b9b-4061-ac1f-dda4102f047f,d65e12eb-8720-4673-b01e-105aeeb16614,1,2500.0
99c7fdd5-0b9b-4061-ac1f-dda4102f047f,bafca65a-3469-434d-a029-ad3d7a0aaa84,2,7500.0
99c7fdd5-0b9b-4061-ac1f-dda4102f047f,f72c9dbe-18f7-4ab8-a287-faaff2e549d7,3,2500.0
99c7fdd5-0b9b-4061-ac1f-dda4102f047f,d728142a-d47a-4cde-82cf-b1c2b3c01bd0,2,3000.0
f1f6a69e-fc9e-4e1e-971e-7427075dfc0b,8d9f8782-cf52-4ced-8685-d2acf09fcef2,1,3500.0
f1f6a69e-fc9e-4e1e-971e-7427075dfc0b,344f06b6-9ccb-4586-a522-2d1b6ed3a9ab,3,4800.0
901a3e92-91a9-44e0-bd47-fb8bfe886d94,8fc00801-27ad-420c-91cf-e8aec04652b2,3,2000.0
901a3e92-91a9-44e0-bd47-fb8bfe886d94,1cdb2072-17dd-40a0-847c-500de0f2af4f,3,1200.0
901a3e92-91a9-44e0-bd47-fb8bfe886d94,dff7fc36-93b8-46ad-be02-0cfd8e16321c,2,5500.0
e7df426f-9a08-4676-97d2-9a5bef06e0b6,aee9f5c4-c3dd-4b3e-a704-91c4e1876d14,2,2500.0
e7df426f-9a08-4676-97d2-9a5bef06e0b6,646f7ea7-d56f-41b3-8b79-a0715923659b,3,1500.0
e7df426f-9a08-4676-97d2-9a5bef06e0b6,8bc65aa4-9e9c-4bd7-940a-9eead1b6b2b1,2,3000.0
e7df426f-9a08-4676-97d2-9a5bef06e0b6,0a705b56-913a-451a-879c-7a062ba7564d,1,7500.0
0a913aee-bde9-4c4d-825e-741fbabf1307,e93d4ec2-5545-4a4b-ab67-eec726f9854c,1,3500.0
0a913aee-bde9-4c4d-825e-741fbabf1307,fe3093e8-16f8-4fbe-bd82-4a1364cc88fb,1,1500.0
0a913aee-bde9-4c4d-825e-741fbabf1307,e33bd26c-af47-4746-a96d-2b234136ccb7,1,3000.0
b4c4baa8-d96e-41c6-bde6-4c23e26b385e,399005e8-efc8-4053-808d-431e9b7c43db,3,1000.0
b4c4baa8-d96e-41c6-bde6-4c23e26b385e,1a5f00be-d7d3-4ff9-bff4-25b75a50728d,3,1500.0
b4c4baa8-d96e-41c6-bde6-4c23e26b385e,bc9e7d89-06d2-4530-918b-476dd9e81bda,1,4800.0
b4c4baa8-d96e-41c6-bde6-4c23e26b385e,9ce6611d-8f19-4ec2-99a8-4d10669d4d8c,3,3000.0
27af461e-9879-468b-9f04-9e95fa0a89a1,bc9e7d89-06d2-4530-918b-476dd9e81bda,1,4800.0
27af461e-9879-468b-9f04-9e95fa0a89a1,39c8c190-387d-4b26-bdf5-46b1f3aabd10,3,1500.0
27af461e-9879-468b-9f04-9e95fa0a89a1,f79217ee-b1e6-41a5-846c-991c27e25a60,3,1500.0
8d3dcfbb-195c-466d-a742-8a4a8f685cff,c8b41ca4-42d9-4554-9412-ece665018f51,1,1200.0
8d3dcfbb-195c-466d-a742-8a4a8f685cff,0aa68333-8aa1-4b45-9e8e-f4df51efc4e2,2,1000.0
8eb3a133-b78d-4673-9a49-ae3b67170bc5,919f696b-1d4c-4f96-8dfa-41344c6619de,3,1000.0
8eb3a133-b78d-4673-9a49-ae3b67170bc5,4249baf3-2d52-4701-8f56-56d033aaab3d,1,3000.0
e7681abb-0079-48da-9348-8b2a3a174460,eefc49cc-6670-4d6a-a55a-c526de0a501a,3,7500.0
e7681abb-0079-48da-9348-8b2a3a174460,bedb6e51-4bcd-4118-af31-50856deb400d,1,6500.0
e7681abb-0079-48da-9348-8b2a3a174460,603cc7e5-5828-4d62-aaed-581ace203f5f,1,4500.0
d3a94eea-5d43-4e82-8845-a3e47bb56157,0a705b56-913a-451a-879c-7a062ba7564d,3,7500.0
d3a94eea-5d43-4e82-8845-a3e47bb56157,4145db9f-7c36-4565-ae51-e08354ab4b71,2,4800.0
d3a94eea-5d43-4e82-8845-a3e47bb56157,9de2163c-3f46-4d86-9755-2dd83cf6deb1,2,7500.0
fa84e08d-0434-41fd-b8e5-a3af2d16ed76,399005e8-efc8-4053-808d-431e9b7c43db,1,1000.0
fa84e08d-0434-41fd-b8e5-a3af2d16ed76,6068dbef-2e18-4064-9ca0-9c09fdf5b326,1,6500.0
fd510732-d2b2-4c3d-a866-e329ea9df67f,4c12e5cb-6bb0-4599-bb33-028ff50e0055,3,2800.0
0e544170-8047-45a5-87bf-d5a51c0f92d3,70f0f8d3-6f6a-4593-8612-775c140bc4c2,1,1800.0
0e544170-8047-45a5-87bf-d5a51c0f92d3,8a2c3053-9e38-44d4-a447-630ddb0ae9d8,3,1200.0
6837579b-b3d4-4d81-9e4c-107aac5c95e6,39c8c190-387d-4b26-bdf5-46b1f3aabd10,1,1500.0
a069f3c0-f96f-490f-9863-59f0ab5a0aa1,919f696b-1d4c-4f96-8dfa-41344c6619de,1,1000.0
a069f3c0-f96f-490f-9863-59f0ab5a0aa1,15fb86bf-d07e-4875-b03c-9100461f0035,1,3000.0
a069f3c0-f96f-490f-9863-59f0ab5a0aa1,06d2ba12-b5b8-4095-95fd-58b4ac14468e,2,1500.0
a069f3c0-f96f-490f-9863-59f0ab5a0aa1,fe08c80d-9561-4277-945e-117270001115,3,6500.0
1e578bf0-940d-4731-81d7-3fbe85dab33d,8d9f8782-cf52-4ced-8685-d2acf09fcef2,1,3500.0
1e578bf0-940d-4731-81d7-3fbe85dab33d,344f06b6-9ccb-4586-a522-2d1b6ed3a9ab,1,4800.0
1e578bf0-940d-4731-81d7-3fbe85dab33d,c2a0609e-8eb6-41c6-93b8-2a3f7e2c4348,2,7500.0
1e578bf0-940d-4731-81d7-3fbe85dab33d,5713cb13-8571-4449-a291-13326da78f36,1,1500.0
5e970f61-c58f-4c0b-bd4b-72afd2f4fe98,2f5c38f8-dae8-46cd-aa98-174f3825e534,2,6500.0
5e970f61-c58f-4c0b-bd4b-72afd2f4fe98,6e0bbedb-b70b-401a-b11b-6af51616a247,3,2000.0
2b0e2eb3-1bf2-43fb-87c1-826466682a55,e7f0befd-ad03-41d0-8779-ca8016c16b1a,2,6500.0
2b0e2eb3-1bf2-43fb-87c1-826466682a55,fe08c80d-9561-4277-945e-117270001115,3,6500.0
7cdda6dc-de81-4f00-bab5-619e4250c9f2,0dccb6d9-aab6-477c-8081-41f2c08b1f83,1,4800.0
7cdda6dc-de81-4f00-bab5-619e4250c9f2,d77881cf-213c-4811-8b16-12036b0b63b5,2,2000.0
2c484ac5-ac3f-4002-b7fe-afaf4fc7a042,19fafff5-9a58-40cf-b91a-2e016480cd6a,3,1000.0
d0529968-a7ce-474e-845e-10173fdbc57b,0bee418d-b7e5-4c9a-9642-cc059eb428a9,2,1200.0
fa9c1ac4-4785-49fa-9ae5-55c6c8da5305,5ce22902-08ea-48e1-85cd-512763b762bd,1,5500.0
fa9c1ac4-4785-49fa-9ae5-55c6c8da5305,bedb6e51-4bcd-4118-af31-50856deb400d,3,6500.0
fa9c1ac4-4785-49fa-9ae5-55c6c8da5305,abb43f45-10fe-4e10-b97f-9a87c37f293d,1,1500.0
49626ca2-cab7-41ab-806e-1503a13db7c0,0a705b56-913a-451a-879c-7a062ba7564d,3,7500.0
49626ca2-cab7-41ab-806e-1503a13db7c0,9de2163c-3f46-4d86-9755-2dd83cf6deb1,3,7500.0
49626ca2-cab7-41ab-806e-1503a13db7c0,3f5b7706-7567-4bf7-a12f-c13cfab96e49,1,6500.0
ea62c29d-b92a-420d-aa9f-c5b44e3b9dd6,45901d75-e120-4a33-af2a-118d3c4b3e72,1,3500.0
ea62c29d-b92a-420d-aa9f-c5b44e3b9dd6,8fc00801-27ad-420c-91cf-e8aec04652b2,1,2000.0
6046ec01-22d3-4f6b-9b9a-d462235633f6,be66e959-3f23-4474-95a2-c6760f10f136,1,2000.0
6046ec01-22d3-4f6b-9b9a-d462235633f6,5713cb13-8571-4449-a291-13326da78f36,2,1500.0
6046ec01-22d3-4f6b-9b9a-d462235633f6,3f6ab946-7e85-4c0b-a9f9-59a7c2f67613,2,2800.0
ab3c0ff2-4f31-4228-a0b6-464fbaff429f,45901d75-e120-4a33-af2a-118d3c4b3e72,1,3500.0
ab3c0ff2-4f31-4228-a0b6-464fbaff429f,034afac9-d400-420d-9ef4-dada0aa78179,3,4500.0
ab3c0ff2-4f31-4228-a0b6-464fbaff429f,1cdb2072-17dd-40a0-847c-500de0f2af4f,1,1200.0
0c35a4b8-31a1-4b24-b4f0-0152c84408e0,cd30c7ac-ef7b-4e6e-8e2f-2fafca89622d,2,1200.0
0c35a4b8-31a1-4b24-b4f0-0152c84408e0,2d9e80be-4bb9-4d60-b62f-737ed059ee36,3,3500.0
0c35a4b8-31a1-4b24-b4f0-0152c84408e0,4690607f-11f8-4ca4-8c43-0531e4161ab8,3,1200.0
5fe604e9-45d1-4282-886d-ecff2277c69b,e9d67588-137e-40d8-bec3-7ccd4f9464e9,1,5500.0
5fe604e9-45d1-4282-886d-ecff2277c69b,060a4cc1-9f3e-46b5-a6ad-cd5bbf4e4252,3,2800.0
5fe604e9-45d1-4282-886d-ecff2277c69b,3bfb91ad-6d38-4aaf-871f-4aca5d481d90,1,1800.0
04ee2364-627b-4902-8cdd-8d775e97b9a1,01c01ea1-9272-446d-aae3-faceac7f155d,1,1500.0
4290f39a-be3a-4385-a030-728a4936cf1e,207e6bea-30de-4dba-857d-38c5a923a6d2,1,5500.0
4290f39a-be3a-4385-a030-728a4936cf1e,0ccf3e57-e5e5-4d6c-a3ea-7835bb453ec9,2,1200.0
4290f39a-be3a-4385-a030-728a4936cf1e,6e0bbedb-b70b-401a-b11b-6af51616a247,3,2000.0
2f01f0c1-1afa-4d9b-bbb1-422a6c77eed0,5943bd66-bbba-4a9b-ad72-a590e91e20d9,3,2800.0
2f01f0c1-1afa-4d9b-bbb1-422a6c77eed0,1cdb2072-17dd-40a0-847c-500de0f2af4f,3,1200.0
b6050403-8f44-457b-a539-e0a4d4a0e400,0bee418d-b7e5-4c9a-9642-cc059eb428a9,2,1200.0
ea92a60e-9d18-4817-8704-86fa3ceea704,e93d4ec2-5545-4a4b-ab67-eec726f9854c,2,3500.0
ea92a60e-9d18-4817-8704-86fa3ceea704,d528b497-fb5e-44de-9cb4-1915a6b7e52b,1,6500.0
ea92a60e-9d18-4817-8704-86fa3ceea704,8a2c3053-9e38-44d4-a447-630ddb0ae9d8,2,1200.0
fffa80b0-0b37-4d17-9104-53ff44f4f797,e93d4ec2-5545-4a4b-ab67-eec726f9854c,1,3500.0
e725530c-fc0d-424a-9f21-79cab17f92b3,f9013b85-075c-488a-bb79-8efc49038219,2,1200.0
030148a1-479e-4b28-94f5-45491cac3ee1,919f696b-1d4c-4f96-8dfa-41344c6619de,2,1000.0
030148a1-479e-4b28-94f5-45491cac3ee1,06d2ba12-b5b8-4095-95fd-58b4ac14468e,2,1500.0
59acdf86-f2c3-4b0d-9a79-18bdd9109b36,a3606d70-ed33-492c-871a-f7c1e055f6d8,1,1500.0
59acdf86-f2c3-4b0d-9a79-18bdd9109b36,63e42117-5381-4f96-820a-5ab787e8e1b0,2,5500.0
59acdf86-f2c3-4b0d-9a79-18bdd9109b36,344f06b6-9ccb-4586-a522-2d1b6ed3a9ab,3,4800.0
59acdf86-f2c3-4b0d-9a79-18bdd9109b36,c2a0609e-8eb6-41c6-93b8-2a3f7e2c4348,3,7500.0
a5a91cca-cdd5-41b4-b61a-833be6ae87b6,504b19ea-37c8-4cfa-a646-1a054d9b0ce8,3,4500.0
a5a91cca-cdd5-41b4-b61a-833be6ae87b6,cf062282-f655-45d1-ac4f-870b4a2580f7,3,7500.0
701bca0c-bd68-476d-bfe5-99da326f9d1e,15fb86bf-d07e-4875-b03c-9100461f0035,2,3000.0
701bca0c-bd68-476d-bfe5-99da326f9d1e,06d2ba12-b5b8-4095-95fd-58b4ac14468e,3,1500.0
59a85b74-009d-4fca-beed-a8b374158724,fcaa5ef1-2c25-48b5-bd57-b101b1b2652b,1,2500.0
459011b8-31d1-425d-b76f-c7054e14c116,fe3093e8-16f8-4fbe-bd82-4a1364cc88fb,2,1500.0
459011b8-31d1-425d-b76f-c7054e14c116,d528b497-fb5e-44de-9cb4-1915a6b7e52b,1,6500.0
1f899d55-a105-4e7e-9302-e6447abf86d1,8c948af0-74c8-4aba-8b45-b0d339b393e4,3,1500.0
af055f81-30af-45b2-b0c8-5c4adfa37656,38277776-b5f1-4dcf-be68-19218c098aab,1,4800.0
af055f81-30af-45b2-b0c8-5c4adfa37656,19fafff5-9a58-40cf-b91a-2e016480cd6a,2,1000.0
3b91fe1f-1e50-4180-97dc-81484c3dbd15,504b19ea-37c8-4cfa-a646-1a054d9b0ce8,1,4500.0
514abe63-962a-49ae-9d42-b5321e87925c,399005e8-efc8-4053-808d-431e9b7c43db,1,1000.0
514abe63-962a-49ae-9d42-b5321e87925c,7d51facc-24ea-4524-ab56-8aa95b8b2546,3,7500.0
514abe63-962a-49ae-9d42-b5321e87925c,68a3734f-3595-4ba7-9692-1651cec92820,2,1000.0
514abe63-962a-49ae-9d42-b5321e87925c,9ce6611d-8f19-4ec2-99a8-4d10669d4d8c,2,3000.0
da477d17-d09d-4763-8f84-c42f4f642394,ec22e2f1-d875-43e4-8f64-cadf8d1902ba,3,1200.0
da477d17-d09d-4763-8f84-c42f4f642394,5ce22902-08ea-48e1-85cd-512763b762bd,2,5500.0
da477d17-d09d-4763-8f84-c42f4f642394,29b1a0f6-6818-4046-b67b-5b8ff6853b30,1,2000.0
e1c3e900-7a7a-46cc-a777-fe887530d74d,45901d75-e120-4a33-af2a-118d3c4b3e72,3,3500.0
e1c3e900-7a7a-46cc-a777-fe887530d74d,36d8b395-38e2-4ae8-8af5-63baa9e4a71e,1,1200.0
e1c3e900-7a7a-46cc-a777-fe887530d74d,11807cb7-d13f-4636-a5e4-fdbbb168cb00,1,2800.0
e1c3e900-7a7a-46cc-a777-fe887530d74d,ca7d6e76-3f66-4c1a-a9a7-61df767091da,3,2000.0
2c8de7df-00be-4a7f-b60f-6176011db2de,f2fbc5db-24f5-4625-91ce-2bd68cfa7d55,3,7500.0
2c8de7df-00be-4a7f-b60f-6176011db2de,7265e1f1-69ab-45ff-8754-aa5875951df4,2,1500.0
2c8de7df-00be-4a7f-b60f-6176011db2de,919f696b-1d4c-4f96-8dfa-41344c6619de,1,1000.0
2c8de7df-00be-4a7f-b60f-6176011db2de,2f8ac4a5-52fc-46b9-85c9-32a3d95aad31,2,1000.0
48917fbb-cf4a-4089-b6c9-d40335611de7,6183c2d7-d1e1-40b4-bdaf-4d66849a18c9,2,2500.0
48917fbb-cf4a-4089-b6c9-d40335611de7,144fa98c-88e7-4ffa-b4ef-3d72a743ba31,2,1500.0
48917fbb-cf4a-4089-b6c9-d40335611de7,4cbf8798-07a0-4bfc-b366-62abc97930a7,3,2800.0
a9f02336-dc3e-40a5-9b30-0bd66d3bc2a0,060a4cc1-9f3e-46b5-a6ad-cd5bbf4e4252,1,2800.0
408c9f5c-5798-442f-8856-81f088659b9f,978a94d5-d3a9-408a-a95d-c4da7cdcafa1,1,3500.0
408c9f5c-5798-442f-8856-81f088659b9f,8402c768-8884-4812-84e3-068073995695,1,4500.0
408c9f5c-5798-442f-8856-81f088659b9f,b00ff951-8512-4ee1-8d43-710964ff4f7c,3,1200.0
24b03a3b-9f4d-4c96-ae8b-13d7eb57d808,06d2ba12-b5b8-4095-95fd-58b4ac14468e,3,1500.0
24b03a3b-9f4d-4c96-ae8b-13d7eb57d808,4249baf3-2d52-4701-8f56-56d033aaab3d,1,3000.0
596a7ddd-a5c2-41c2-bb2a-702da5ce4e2b,a891b765-15af-46ff-a9b8-36e8ede78009,2,4500.0
596a7ddd-a5c2-41c2-bb2a-702da5ce4e2b,c2a0609e-8eb6-41c6-93b8-2a3f7e2c4348,2,7500.0
596a7ddd-a5c2-41c2-bb2a-702da5ce4e2b,cb55968f-b3f9-42bc-b886-4e04b8e188d2,3,1200.0
596a7ddd-a5c2-41c2-bb2a-702da5ce4e2b,1c557cd6-92f7-42aa-ba9f-10edab7070fd,3,1800.0
e216301f-b757-433e-bf95-43eef67dce20,ec22e2f1-d875-43e4-8f64-cadf8d1902ba,1,1200.0
e216301f-b757-433e-bf95-43eef67dce20,abb43f45-10fe-4e10-b97f-9a87c37f293d,1,1500.0
e216301f-b757-433e-bf95-43eef67dce20,a3965127-a216-443e-b4f8-bd66cb81276b,2,2800.0
34f842f4-aa92-4812-92d0-38e374e2248d,5dfcbbeb-624c-4b9b-bbbd-86575739ea3b,1,1200.0
34f842f4-aa92-4812-92d0-38e374e2248d,0dccb6d9-aab6-477c-8081-41f2c08b1f83,2,4800.0
34f842f4-aa92-4812-92d0-38e374e2248d,65e0693f-c909-466d-92c2-df24f685d8dd,3,3500.0
0aa1b46f-1b15-4edc-8ee6-cb50aa9ba1b1,63e42117-5381-4f96-820a-5ab787e8e1b0,2,5500.0
0aa1b46f-1b15-4edc-8ee6-cb50aa9ba1b1,c2a0609e-8eb6-41c6-93b8-2a3f7e2c4348,2,7500.0
0aa1b46f-1b15-4edc-8ee6-cb50aa9ba1b1,a3606d70-ed33-492c-871a-f7c1e055f6d8,3,1500.0
bd5ab28f-e80a-43f7-a7c2-2d9a0bd526da,f162296f-df74-4f08-8ddc-7450992b657c,1,3500.0
6643cb72-1341-4a0a-86bb-154fdef0a8a2,84b4c70b-0dd0-4ab1-984f-6b9f5a9ce81d,1,1000.0
6643cb72-1341-4a0a-86bb-154fdef0a8a2,0dccb6d9-aab6-477c-8081-41f2c08b1f83,1,4800.0
bc2e073f-b28b-4a24-b5a8-165df1278bbc,c2a0609e-8eb6-41c6-93b8-2a3f7e2c4348,3,7500.0
b22c7e3f-4466-4558-9448-b2103942e03e,c8b41ca4-42d9-4554-9412-ece665018f51,1,1200.0
cf036a94-42e8-40f3-b374-7ea95498d37a,c3201119-dd99-4844-8a46-a4c38f9d13a8,3,1800.0
cf036a94-42e8-40f3-b374-7ea95498d37a,5ce22902-08ea-48e1-85cd-512763b762bd,1,5500.0
cf036a94-42e8-40f3-b374-7ea95498d37a,8a7e16e4-5d15-43cf-8fbb-e66d97ae5011,1,1500.0
cf036a94-42e8-40f3-b374-7ea95498d37a,8409b533-342b-40a1-8f2a-416c48cbe60f,2,1000.0
ccfce183-10d5-4877-9e6b-0e7b856c891c,eefc49cc-6670-4d6a-a55a-c526de0a501a,2,7500.0
ccfce183-10d5-4877-9e6b-0e7b856c891c,c3201119-dd99-4844-8a46-a4c38f9d13a8,3,1800.0
ccfce183-10d5-4877-9e6b-0e7b856c891c,8409b533-342b-40a1-8f2a-416c48cbe60f,1,1000.0
ccfce183-10d5-4877-9e6b-0e7b856c891c,ca2fffcd-485e-4b99-9a3e-3ec13c5833b4,2,3500.0
e4648ff9-29d1-4a4d-aceb-ebac989f0454,603cc7e5-5828-4d62-aaed-581ace203f5f,3,4500.0
e4648ff9-29d1-4a4d-aceb-ebac989f0454,abb43f45-10fe-4e10-b97f-9a87c37f293d,2,1500.0
0616970d-da61-46f3-999c-c87d9ac3f57f,3f5b7706-7567-4bf7-a12f-c13cfab96e49,3,6500.0
0616970d-da61-46f3-999c-c87d9ac3f57f,34e3fe5a-9db5-467c-acec-dcfcab06b124,2,1500.0
97f4b66e-9f64-43d1-8afa-1c4b5d35c8ec,6183c2d7-d1e1-40b4-bdaf-4d66849a18c9,1,2500.0
97f4b66e-9f64-43d1-8afa-1c4b5d35c8ec,d77881cf-213c-4811-8b16-12036b0b63b5,2,2000.0
586e9d98-8197-47a2-b23f-59cd0b6ebb4b,4249baf3-2d52-4701-8f56-56d033aaab3d,2,3000.0
586e9d98-8197-47a2-b23f-59cd0b6ebb4b,06d2ba12-b5b8-4095-95fd-58b4ac14468e,3,1500.0
9d2b0dfe-ba31-45fa-9680-279d7c55bc08,fe3093e8-16f8-4fbe-bd82-4a1364cc88fb,3,1500.0
9d2b0dfe-ba31-45fa-9680-279d7c55bc08,ed938a74-95eb-4635-a34d-5f633c5a676e,2,2500.0
f4313fe6-1479-4e15-9cbe-6721eb5a3cae,919f696b-1d4c-4f96-8dfa-41344c6619de,3,1000.0
90357e1d-919c-496d-9f51-ebd10c64ff3b,4145db9f-7c36-4565-ae51-e08354ab4b71,3,4800.0
90357e1d-919c-496d-9f51-ebd10c64ff3b,0a705b56-913a-451a-879c-7a062ba7564d,2,7500.0
90357e1d-919c-496d-9f51-ebd10c64ff3b,444c9514-f3ba-47ae-9f8e-9911266de8a5,2,1500.0
d52101dc-9c55-4495-ba4e-44551d7bac06,5ce22902-08ea-48e1-85cd-512763b762bd,2,5500.0
d52101dc-9c55-4495-ba4e-44551d7bac06,603cc7e5-5828-4d62-aaed-581ace203f5f,1,4500.0
d52101dc-9c55-4495-ba4e-44551d7bac06,b59d2c61-eb9a-49d9-a700-718f06f2ac87,1,4800.0
d52101dc-9c55-4495-ba4e-44551d7bac06,8a7e16e4-5d15-43cf-8fbb-e66d97ae5011,1,1500.0
3c7fecfc-c21e-42bd-99f8-95a14e4eb018,36d8b395-38e2-4ae8-8af5-63baa9e4a71e,1,1200.0
1e5f48e5-868c-4cbc-9184-2d4d85c0b2ff,f79217ee-b1e6-41a5-846c-991c27e25a60,2,1500.0
1e5f48e5-868c-4cbc-9184-2d4d85c0b2ff,6068dbef-2e18-4064-9ca0-9c09fdf5b326,3,6500.0
a2387e87-5ce9-457c-bc45-8749f76e1dbf,8a2c3053-9e38-44d4-a447-630ddb0ae9d8,2,1200.0
a2387e87-5ce9-457c-bc45-8749f76e1dbf,c8b41ca4-42d9-4554-9412-ece665018f51,2,1200.0
a2387e87-5ce9-457c-bc45-8749f76e1dbf,fe3093e8-16f8-4fbe-bd82-4a1364cc88fb,2,1500.0
d4f2729b-57b7-42b7-8e9c-afb423be03fe,9de2163c-3f46-4d86-9755-2dd83cf6deb1,3,7500.0
d4f2729b-57b7-42b7-8e9c-afb423be03fe,770e0d8d-4f2a-4fb3-815a-54a29d676689,1,2500.0
d4f2729b-57b7-42b7-8e9c-afb423be03fe,aee9f5c4-c3dd-4b3e-a704-91c4e1876d14,2,2500.0
d4f2729b-57b7-42b7-8e9c-afb423be03fe,75bbf6cf-8e7f-4b0e-a3ea-0b4c4f106691,3,3000.0
6e669a06-cfc2-4ba8-a05d-f37eb151ef50,dff7fc36-93b8-46ad-be02-0cfd8e16321c,1,5500.0
6e669a06-cfc2-4ba8-a05d-f37eb151ef50,11807cb7-d13f-4636-a5e4-fdbbb168cb00,2,2800.0
6e669a06-cfc2-4ba8-a05d-f37eb151ef50,e3f0befc-7c78-48a8-b8f3-833a3d915662,3,1800.0
6e669a06-cfc2-4ba8-a05d-f37eb151ef50,1cdb2072-17dd-40a0-847c-500de0f2af4f,3,1200.0
2df93ac5-9158-4cba-a3ab-cda3a7190b37,d65e12eb-8720-4673-b01e-105aeeb16614,3,2500.0
2df93ac5-9158-4cba-a3ab-cda3a7190b37,f72c9dbe-18f7-4ab8-a287-faaff2e549d7,1,2500.0
2df93ac5-9158-4cba-a3ab-cda3a7190b37,d728142a-d47a-4cde-82cf-b1c2b3c01bd0,3,3000.0
8bd74c14-f4c4-43bc-90f7-0e84653c84b0,bedb6e51-4bcd-4118-af31-50856deb400d,1,6500.0
8bd74c14-f4c4-43bc-90f7-0e84653c84b0,b59d2c61-eb9a-49d9-a700-718f06f2ac87,3,4800.0
8bd74c14-f4c4-43bc-90f7-0e84653c84b0,a57bd247-8ea2-4a3a-a421-261e59f1fa8d,1,3000.0
8bd74c14-f4c4-43bc-90f7-0e84653c84b0,db942507-b835-40e1-bbc9-544bf3918c72,2,1200.0
7efe8947-3de5-4a48-9e3e-7e98245b7a73,6e0bbedb-b70b-401a-b11b-6af51616a247,3,2000.0
6532321b-f4a3-4e42-b7b3-877c57e05c9d,341649ae-5f0b-4671-87f0-464d71372265,2,7500.0
6532321b-f4a3-4e42-b7b3-877c57e05c9d,01c01ea1-9272-446d-aae3-faceac7f155d,3,1500.0
6532321b-f4a3-4e42-b7b3-877c57e05c9d,4c12e5cb-6bb0-4599-bb33-028ff50e0055,3,2800.0
6532321b-f4a3-4e42-b7b3-877c57e05c9d,2f5c38f8-dae8-46cd-aa98-174f3825e534,1,6500.0
d7d61dc9-cbe4-40d7-af0c-0857a56d86b4,bafca65a-3469-434d-a029-ad3d7a0aaa84,2,7500.0
d7d61dc9-cbe4-40d7-af0c-0857a56d86b4,f72c9dbe-18f7-4ab8-a287-faaff2e549d7,2,2500.0
d7d61dc9-cbe4-40d7-af0c-0857a56d86b4,399005e8-efc8-4053-808d-431e9b7c43db,3,1000.0
e00616cc-3fa1-4e81-8dc4-2475bafdf274,060a4cc1-9f3e-46b5-a6ad-cd5bbf4e4252,2,2800.0
e00616cc-3fa1-4e81-8dc4-2475bafdf274,3df17fd0-1005-451f-b230-397270c49ed5,3,5500.0
